Date,Open,High,Low,Close,Volume,Dividends,Stock Splits
2016-07-29,56664.0,57474.0,56340.0,57308.0,4416500,0,0
2016-08-01,57309.0,57729.0,56676.0,56756.0,4088000,0,0
2016-08-02,56756.0,56974.0,55696.0,56162.0,3857700,0,0
2016-08-03,56157.0,57101.0,55788.0,57077.0,4058600,0,0
2016-08-04,57076.0,58030.0,57076.0,57594.0,4192000,0,0
2016-08-05,57609.0,57951.0,57290.0,57661.0,3354600,0,0
2016-08-08,57655.0,57917.0,57504.0,57635.0,3153800,0,0
2016-08-09,57637.0,58095.0,57615.0,57689.0,3049900,0,0
2016-08-10,57690.0,57953.0,56735.0,56920.0,3510600,0,0
2016-08-11,56925.0,58308.0,56923.0,58300.0,3905700,0,0
2016-08-12,58300.0,58753.0,57987.0,58298.0,3811800,0,0
2016-08-15,58316.0,59324.0,58316.0,59146.0,3487200,0,0
2016-08-16,59144.0,59187.0,58589.0,58855.0,3874400,0,0
2016-08-17,58847.0,59324.0,58081.0,59324.0,4179800,0,0
2016-08-18,59324.0,59418.0,58829.0,59166.0,3608700,0,0
2016-08-19,59158.0,59240.0,58599.0,59099.0,2661700,0,0
2016-08-22,59080.0,59099.0,57631.0,57781.0,3133500,0,0
2016-08-23,57781.0,58596.0,57781.0,58020.0,3635900,0,0
2016-08-24,58019.0,58332.0,57456.0,57718.0,3221400,0,0
2016-08-25,57718.0,58124.0,57639.0,57722.0,2974200,0,0
2016-08-26,57725.0,58655.0,57259.0,57716.0,3611600,0,0
2016-08-29,57717.0,58957.0,57642.0,58610.0,2759700,0,0
2016-08-30,58610.0,58882.0,58293.0,58575.0,2729400,0,0
2016-08-31,58580.0,58910.0,57506.0,57901.0,4077700,0,0
2016-09-01,57901.0,58417.0,57638.0,58236.0,3687600,0,0
2016-09-02,58241.0,59655.0,58241.0,59616.0,3771500,0,0
2016-09-05,59616.0,59986.0,59402.0,59566.0,1824900,0,0
2016-09-06,59566.0,60129.0,59182.0,60129.0,3150500,0,0
2016-09-08,60129.0,60310.0,59743.0,60232.0,3843900,0,0
2016-09-09,60220.0,60220.0,57961.0,58000.0,3992900,0,0
2016-09-12,57998.0,58595.0,57511.0,58586.0,3529200,0,0
2016-09-13,58580.0,58580.0,56459.0,56821.0,4377800,0,0
2016-09-14,56812.0,57342.0,56694.0,57059.0,3329100,0,0
2016-09-15,57068.0,58127.0,57068.0,57909.0,2812000,0,0
2016-09-16,57909.0,57909.0,56794.0,57080.0,3710700,0,0
2016-09-19,57083.0,58025.0,57083.0,57350.0,2691100,0,0
2016-09-20,57356.0,57902.0,57356.0,57736.0,3001000,0,0
2016-09-21,57736.0,58575.0,57326.0,58394.0,3889700,0,0
2016-09-22,58408.0,59462.0,58408.0,58994.0,3365300,0,0
2016-09-23,58992.0,59131.0,58409.0,58697.0,2809900,0,0
2016-09-26,58697.0,58697.0,57904.0,58054.0,2108800,0,0
2016-09-27,58066.0,58490.0,57411.0,58382.0,2953400,0,0
2016-09-28,58383.0,59415.0,58353.0,59356.0,3233400,0,0
2016-09-29,59346.0,59621.0,58292.0,58351.0,3200300,0,0
2016-09-30,58350.0,58900.0,58271.0,58367.0,2858200,0,0
2016-10-03,58370.0,59549.0,58367.0,59461.0,2774100,0,0
2016-10-04,59461.0,59580.0,58892.0,59339.0,3894600,0,0
2016-10-05,59340.0,60477.0,59340.0,60254.0,3378900,0,0
2016-10-06,60254.0,60724.0,60070.0,60644.0,3507200,0,0
2016-10-07,60645.0,61275.0,60479.0,61109.0,4243800,0,0
2016-10-10,61130.0,61756.0,61130.0,61668.0,2936900,0,0
2016-10-11,61668.0,61668.0,60885.0,61022.0,3568000,0,0
2016-10-13,61020.0,61329.0,60243.0,61119.0,4952700,0,0
2016-10-14,61120.0,62039.0,61120.0,61767.0,3691200,0,0
2016-10-17,61768.0,62696.0,61719.0,62696.0,3340700,0,0
2016-10-18,62701.0,63937.0,62701.0,63782.0,4390300,0,0
2016-10-19,63784.0,64089.0,63309.0,63506.0,3614000,0,0
2016-10-20,63495.0,63927.0,62729.0,63838.0,3421500,0,0
2016-10-21,63838.0,64372.0,63379.0,64108.0,3662900,0,0
2016-10-24,64141.0,64691.0,63914.0,64060.0,3663900,0,0
2016-10-25,64059.0,64266.0,63248.0,63866.0,3918100,0,0
2016-10-26,63860.0,63924.0,63084.0,63826.0,4299200,0,0
2016-10-27,63827.0,64609.0,63827.0,64250.0,3587500,0,0
2016-10-28,64251.0,64728.0,63778.0,64308.0,3788500,0,0
2016-10-31,64312.0,65054.0,64312.0,64925.0,3816900,0,0
2016-11-01,64922.0,65291.0,63019.0,63326.0,4505600,0,0
2016-11-03,63325.0,63524.0,61750.0,61750.0,4124000,0,0
2016-11-04,61749.0,62699.0,61491.0,61598.0,3972500,0,0
2016-11-07,61601.0,64193.0,61601.0,64052.0,3325900,0,0
2016-11-08,64052.0,64767.0,63381.0,64158.0,3265100,0,0
2016-11-09,64157.0,64358.0,61794.0,63258.0,5630100,0,0
2016-11-10,63261.0,63903.0,60553.0,61201.0,7623700,0,0
2016-11-11,61199.0,61626.0,58921.0,59184.0,7572800,0,0
2016-11-14,59183.0,59961.0,58322.0,59657.0,5408500,0,0
2016-11-16,59658.0,60915.0,59364.0,60759.0,4582900,0,0
2016-11-17,60763.0,61493.0,59746.0,59770.0,3531300,0,0
2016-11-18,59770.0,60193.0,59327.0,59962.0,3462400,0,0
2016-11-21,59963.0,61070.0,59963.0,61070.0,3520100,0,0
2016-11-22,61072.0,62550.0,61072.0,61954.0,3987100,0,0
2016-11-23,61956.0,62046.0,61234.0,61986.0,3489700,0,0
2016-11-24,61999.0,62105.0,61392.0,61396.0,1647100,0,0
2016-11-25,61394.0,61559.0,60573.0,61559.0,2653700,0,0
2016-11-28,61559.0,62934.0,61240.0,62855.0,2752000,0,0
2016-11-29,62859.0,62859.0,60980.0,60987.0,3423900,0,0
2016-11-30,60994.0,62590.0,60994.0,61906.0,4587300,0,0
2016-12-01,61906.0,61911.0,59058.0,59507.0,5352800,0,0
2016-12-02,59499.0,60379.0,58092.0,60316.0,4344200,0,0
2016-12-05,60322.0,60720.0,59635.0,59832.0,2861200,0,0
2016-12-06,59828.0,61235.0,59396.0,61088.0,3606500,0,0
2016-12-07,61111.0,61918.0,61062.0,61414.0,3841700,0,0
2016-12-08,61430.0,61936.0,60499.0,60677.0,2936600,0,0
2016-12-09,60688.0,61129.0,60316.0,60501.0,3339800,0,0
2016-12-12,60517.0,60517.0,59035.0,59179.0,3244400,0,0
2016-12-13,59178.0,59946.0,58758.0,59281.0,3589100,0,0
2016-12-14,59280.0,59338.0,58212.0,58212.0,3857000,0,0
2016-12-15,58214.0,58635.0,57575.0,58396.0,3569400,0,0
2016-12-16,58398.0,59312.0,58365.0,58389.0,3683900,0,0
2016-12-19,58390.0,58600.0,57109.0,57111.0,3396500,0,0
2016-12-20,57116.0,57918.0,57038.0,57583.0,2673400,0,0
2016-12-21,57583.0,58049.0,57221.0,57647.0,2461900,0,0
2016-12-22,57646.0,57646.0,56829.0,57255.0,2809800,0,0
2016-12-23,57255.0,58143.0,57255.0,57937.0,2155400,0,0
2016-12-26,57941.0,58781.0,57941.0,58620.0,680200,0,0
2016-12-27,58627.0,59068.0,58402.0,58697.0,1624700,0,0
2016-12-28,58688.0,59911.0,58688.0,59782.0,1960500,0,0
2016-12-29,59782.0,60248.0,59278.0,60227.0,2119500,0,0
2017-01-02,60227.0,60227.0,59371.0,59589.0,808700,0,0
2017-01-03,59631.0,61815.0,59631.0,61814.0,3328300,0,0
2017-01-04,61811.0,61940.0,61302.0,61589.0,2840800,0,0
2017-01-05,61594.0,62409.0,61594.0,62071.0,3313000,0,0
2017-01-06,62072.0,62072.0,61396.0,61665.0,2374800,0,0
2017-01-09,61680.0,62112.0,61307.0,61700.0,2480800,0,0
2017-01-10,61710.0,62446.0,61710.0,62132.0,2623400,0,0
2017-01-11,62134.0,62674.0,61665.0,62446.0,3139800,0,0
2017-01-12,62448.0,64342.0,62448.0,63954.0,4535000,0,0
2017-01-13,63940.0,64092.0,63366.0,63652.0,2735500,0,0
2017-01-16,63652.0,64014.0,63556.0,63831.0,1763700,0,0
2017-01-17,63827.0,64658.0,63456.0,64354.0,2933800,0,0
2017-01-18,64360.0,64680.0,64063.0,64150.0,3008900,0,0
2017-01-19,64145.0,64456.0,63574.0,63951.0,2867100,0,0
2017-01-20,63951.0,64694.0,63951.0,64521.0,3416700,0,0
2017-01-23,64519.0,65816.0,64500.0,65749.0,2957000,0,0
2017-01-24,65752.0,66173.0,65615.0,65840.0,3850500,0,0
2017-01-26,65842.0,66594.0,65842.0,66191.0,3494100,0,0
2017-01-27,66195.0,66242.0,65876.0,66034.0,2583400,0,0
2017-01-30,66025.0,66025.0,64165.0,64302.0,2264300,0,0
2017-01-31,64310.0,64901.0,64284.0,64671.0,2737700,0,0
2017-02-01,64687.0,65594.0,64687.0,64836.0,3214300,0,0
2017-02-02,64835.0,65132.0,64163.0,64578.0,2959200,0,0
2017-02-03,64579.0,65387.0,64264.0,64954.0,3482700,0,0
2017-02-06,64957.0,65327.0,63933.0,63993.0,2551400,0,0
2017-02-07,64022.0,64815.0,63938.0,64199.0,2776200,0,0
2017-02-08,64200.0,64835.0,63740.0,64835.0,3138600,0,0
2017-02-09,64850.0,65302.0,64587.0,64965.0,2641700,0,0
2017-02-10,64965.0,66292.0,64935.0,66125.0,3439000,0,0
2017-02-13,66125.0,67094.0,66125.0,66968.0,3108800,0,0
2017-02-14,66971.0,67110.0,66251.0,66713.0,3370900,0,0
2017-02-15,66712.0,68016.0,66712.0,67976.0,4119600,0,0
2017-02-16,67979.0,68456.0,67661.0,67814.0,3550800,0,0
2017-02-17,67814.0,67819.0,67158.0,67748.0,2787300,0,0
2017-02-20,67756.0,68674.0,67756.0,68533.0,2171300,0,0
2017-02-21,68536.0,69112.0,68536.0,69052.0,3051100,0,0
2017-02-22,69052.0,69052.0,68282.0,68590.0,3374600,0,0
2017-02-23,68590.0,69488.0,67279.0,67461.0,3977800,0,0
2017-02-24,67458.0,67458.0,66452.0,66662.0,3059900,0,0
2017-03-01,66661.0,67398.0,66661.0,66989.0,2378500,0,0
2017-03-02,67000.0,67035.0,65594.0,65855.0,3095300,0,0
2017-03-03,65860.0,66801.0,65860.0,66786.0,2654400,0,0
2017-03-06,66786.0,66892.0,66119.0,66341.0,3337500,0,0
2017-03-07,66343.0,66641.0,65668.0,65742.0,2886200,0,0
2017-03-08,65748.0,65810.0,64496.0,64718.0,3727200,0,0
2017-03-09,64718.0,65068.0,64203.0,64585.0,3513300,0,0
2017-03-10,64586.0,65725.0,64472.0,64675.0,3432900,0,0
2017-03-13,64674.0,65651.0,64674.0,65534.0,2162800,0,0
2017-03-14,65511.0,65549.0,64699.0,64699.0,2824800,0,0
2017-03-15,64702.0,66318.0,64537.0,66235.0,3742100,0,0
2017-03-16,66232.0,66554.0,65531.0,65783.0,2860400,0,0
2017-03-17,65783.0,66205.0,64152.0,64210.0,5213000,0,0
2017-03-20,64232.0,65136.0,63672.0,64884.0,3613900,0,0
2017-03-21,64884.0,64965.0,62795.0,62980.0,3700200,0,0
2017-03-22,62980.0,63747.0,62496.0,63521.0,4063300,0,0
2017-03-23,63521.0,63942.0,62840.0,63531.0,3447400,0,0
2017-03-24,63554.0,63997.0,63469.0,63854.0,2571200,0,0
2017-03-27,63829.0,64356.0,63030.0,64308.0,2672800,0,0
2017-03-28,64308.0,64847.0,64042.0,64640.0,3359100,0,0
2017-03-29,64636.0,65551.0,64476.0,65528.0,3488200,0,0
2017-03-30,65541.0,65775.0,65070.0,65266.0,2335700,0,0
2017-03-31,65266.0,65597.0,64859.0,64984.0,2614200,0,0
2017-04-03,64989.0,65384.0,64774.0,65211.0,2858500,0,0
2017-04-04,65212.0,65775.0,64990.0,65769.0,2085300,0,0
2017-04-05,65770.0,66211.0,64493.0,64775.0,2982200,0,0
2017-04-06,64775.0,64921.0,63762.0,64223.0,2875000,0,0
2017-04-07,64202.0,65197.0,64016.0,64593.0,2853100,0,0
2017-04-10,64593.0,64928.0,64115.0,64650.0,2984000,0,0
2017-04-11,64650.0,64872.0,63351.0,64360.0,3178400,0,0
2017-04-12,64362.0,64456.0,63814.0,63892.0,4253500,0,0
2017-04-13,63891.0,63992.0,62826.0,62826.0,3212900,0,0
2017-04-17,62828.0,64424.0,62828.0,64335.0,0,0,0
2017-04-18,64336.0,64591.0,63717.0,64159.0,3144800,0,0
2017-04-19,64165.0,64572.0,63219.0,63407.0,3069500,0,0
2017-04-20,63406.0,64163.0,63388.0,63761.0,2899700,0,0
2017-04-24,63761.0,64754.0,63761.0,64389.0,3194100,0,0
2017-04-25,64384.0,65148.0,63875.0,65148.0,3037200,0,0
2017-04-26,65144.0,65436.0,64679.0,64862.0,3221600,0,0
2017-04-27,64872.0,65327.0,64292.0,64677.0,3112100,0,0
2017-04-28,64679.0,65403.0,64592.0,65403.0,2973700,0,0
2017-05-02,65404.0,66877.0,65404.0,66722.0,3497000,0,0
2017-05-03,66720.0,66758.0,65898.0,66094.0,3446400,0,0
2017-05-04,66069.0,66099.0,64721.0,64863.0,3779900,0,0
2017-05-05,64869.0,65768.0,64863.0,65710.0,2760000,0,0
2017-05-08,65705.0,66015.0,65295.0,65526.0,2273300,0,0
2017-05-09,65533.0,66536.0,65533.0,66278.0,2679100,0,0
2017-05-10,66284.0,67528.0,66284.0,67350.0,3174100,0,0
2017-05-11,67355.0,67709.0,67191.0,67538.0,2872600,0,0
2017-05-12,67536.0,68429.0,67536.0,68222.0,3822600,0,0
2017-05-15,68227.0,68593.0,68081.0,68474.0,3290300,0,0
2017-05-16,68473.0,68792.0,68124.0,68684.0,3672400,0,0
2017-05-17,68674.0,68674.0,67163.0,67540.0,3317200,0,0
2017-05-18,67536.0,67536.0,60315.0,61597.0,11046700,0,0
2017-05-19,61597.0,63488.0,61597.0,62639.0,6120800,0,0
2017-05-22,62638.0,62638.0,60925.0,61673.0,5815800,0,0
2017-05-23,61670.0,62775.0,61670.0,62662.0,4753500,0,0
2017-05-24,62673.0,64016.0,62673.0,63257.0,4181200,0,0
2017-05-25,63256.0,63991.0,62762.0,63227.0,4001000,0,0
2017-05-26,63228.0,64170.0,63228.0,64085.0,3849400,0,0
2017-05-29,64055.0,64055.0,63531.0,63761.0,1646300,0,0
2017-05-30,63765.0,64107.0,63720.0,63962.0,2235300,0,0
2017-05-31,63961.0,63984.0,62673.0,62711.0,4535100,0,0
2017-06-01,62711.0,63293.0,62165.0,62289.0,3370200,0,0
2017-06-02,62289.0,62773.0,62161.0,62511.0,2874500,0,0
2017-06-05,62503.0,62800.0,62010.0,62450.0,2421700,0,0
2017-06-06,62450.0,63302.0,62426.0,62955.0,2993300,0,0
2017-06-07,62955.0,63637.0,62912.0,63171.0,2892300,0,0
2017-06-08,63171.0,63171.0,62376.0,62756.0,2702400,0,0
2017-06-09,62755.0,63066.0,62095.0,62211.0,3099900,0,0
2017-06-12,62219.0,62286.0,61279.0,61700.0,3026600,0,0
2017-06-13,61708.0,62012.0,61510.0,61829.0,2469100,0,0
2017-06-14,61831.0,62475.0,61508.0,61923.0,4328500,0,0
2017-06-16,61911.0,61921.0,61269.0,61626.0,5088000,0,0
2017-06-19,61620.0,62272.0,61620.0,62014.0,2752600,0,0
2017-06-20,62011.0,62011.0,60766.0,60766.0,3956200,0,0
2017-06-21,60783.0,61188.0,60544.0,60762.0,3274700,0,0
2017-06-22,60762.0,61354.0,60758.0,61272.0,3066900,0,0
2017-06-23,61272.0,61400.0,60992.0,61087.0,2836700,0,0
2017-06-26,61088.0,62251.0,61088.0,62188.0,2599200,0,0
2017-06-27,62188.0,62424.0,61580.0,61675.0,3275700,0,0
2017-06-28,61684.0,62057.0,61433.0,62018.0,2719100,0,0
2017-06-29,62010.0,62499.0,61689.0,62239.0,2915500,0,0
2017-06-30,62238.0,63038.0,62238.0,62900.0,2688200,0,0
2017-07-03,62901.0,63338.0,62901.0,63280.0,2086300,0,0
2017-07-04,63268.0,63346.0,63076.0,63232.0,950700,0,0
2017-07-05,63215.0,63485.0,62708.0,63154.0,3169900,0,0
2017-07-06,63156.0,63188.0,62354.0,62470.0,3038700,0,0
2017-07-07,62474.0,62926.0,62035.0,62322.0,2894200,0,0
2017-07-10,62322.0,63135.0,62322.0,63025.0,2224000,0,0
2017-07-11,63027.0,63891.0,62908.0,63832.0,2566700,0,0
2017-07-12,63840.0,64938.0,63827.0,64836.0,4116300,0,0
2017-07-13,64854.0,65302.0,64854.0,65178.0,3121700,0,0
2017-07-14,65178.0,65624.0,65178.0,65436.0,2711600,0,0
2017-07-17,65431.0,65478.0,65119.0,65212.0,2255300,0,0
2017-07-18,65208.0,65338.0,64943.0,65338.0,2213500,0,0
2017-07-19,65337.0,65604.0,64874.0,65180.0,2622700,0,0
2017-07-20,65178.0,65505.0,64898.0,64938.0,2252900,0,0
2017-07-21,64936.0,65150.0,64599.0,64684.0,2125500,0,0
2017-07-24,64695.0,65104.0,64678.0,65100.0,1908900,0,0
2017-07-25,65101.0,65749.0,65101.0,65668.0,2737400,0,0
2017-07-26,65668.0,65873.0,64992.0,65011.0,2942300,0,0
2017-07-27,65013.0,65678.0,65013.0,65277.0,2483900,0,0
2017-07-28,65253.0,65497.0,64953.0,65497.0,2760700,0,0
2017-07-31,65503.0,66048.0,65503.0,65920.0,2572700,0,0
2017-08-01,65925.0,66606.0,65925.0,66516.0,2762600,0,0
2017-08-02,66504.0,67277.0,66305.0,67136.0,3713700,0,0
2017-08-03,67136.0,67256.0,66705.0,66777.0,2722400,0,0
2017-08-04,66783.0,67104.0,66525.0,66898.0,2370900,0,0
2017-08-07,66898.0,68043.0,66887.0,67940.0,2996800,0,0
2017-08-08,67936.0,68500.0,67671.0,67899.0,3134300,0,0
2017-08-09,67894.0,67894.0,67290.0,67671.0,2488000,0,0
2017-08-10,67671.0,67671.0,66650.0,66992.0,2820800,0,0
2017-08-11,66992.0,67623.0,66678.0,67359.0,2890000,0,0
2017-08-14,67364.0,68642.0,67226.0,68285.0,2827300,0,0
2017-08-15,68296.0,68846.0,68293.0,68355.0,2753200,0,0
2017-08-16,68356.0,68950.0,68304.0,68594.0,3753400,0,0
2017-08-17,68596.0,68596.0,67866.0,67977.0,2661800,0,0
2017-08-18,67990.0,68808.0,67979.0,68715.0,3464800,0,0
2017-08-21,68713.0,69068.0,68514.0,68635.0,2643300,0,0
2017-08-22,68645.0,70278.0,68645.0,70011.0,3907500,0,0
2017-08-23,70011.0,70587.0,69947.0,70478.0,3348400,0,0
2017-08-24,70482.0,71238.0,70482.0,71133.0,3113000,0,0
2017-08-25,71138.0,71506.0,70801.0,71074.0,2411000,0,0
2017-08-28,71074.0,71390.0,70909.0,71017.0,2196400,0,0
2017-08-29,71005.0,71330.0,70517.0,71330.0,2274700,0,0
2017-08-30,71328.0,71454.0,70755.0,70886.0,2663200,0,0
2017-08-31,70887.0,71234.0,70516.0,70835.0,4245100,0,0
2017-09-01,70848.0,72217.0,70846.0,71923.0,3880900,0,0
2017-09-04,71921.0,72141.0,71671.0,72129.0,1998000,0,0
2017-09-05,72134.0,73180.0,71827.0,72151.0,4230900,0,0
2017-09-06,72157.0,73608.0,72157.0,73412.0,4242500,0,0
2017-09-08,73413.0,73646.0,72925.0,73079.0,3114100,0,0
2017-09-11,73096.0,74636.0,73096.0,74319.0,3283100,0,0
2017-09-12,74322.0,75332.0,74294.0,74539.0,3591700,0,0
2017-09-13,74543.0,75146.0,74196.0,74788.0,3212500,0,0
2017-09-14,74787.0,74949.0,74397.0,74657.0,3206100,0,0
2017-09-15,74656.0,75820.0,74648.0,75757.0,4825000,0,0
2017-09-18,75758.0,76404.0,75621.0,75990.0,3437400,0,0
2017-09-19,75990.0,76071.0,75300.0,75974.0,3026100,0,0
2017-09-20,75974.0,76420.0,75074.0,76004.0,3890900,0,0
2017-09-21,76014.0,76251.0,75282.0,75604.0,3228500,0,0
2017-09-22,75618.0,75734.0,75029.0,75390.0,2801700,0,0
2017-09-25,75381.0,75470.0,74303.0,74443.0,3376500,0,0
2017-09-26,74443.0,74971.0,74319.0,74319.0,3565400,0,0
2017-09-27,74358.0,74744.0,73125.0,73797.0,3788600,0,0
2017-09-28,73808.0,74011.0,73277.0,73567.0,3082900,0,0
2017-09-29,73571.0,74518.0,73571.0,74294.0,3126600,0,0
2017-10-02,74295.0,74506.0,73845.0,74360.0,2512000,0,0
2017-10-03,74363.0,76763.0,74363.0,76763.0,3816900,0,0
2017-10-04,76763.0,77004.0,76422.0,76591.0,3119500,0,0
2017-10-05,76592.0,78024.0,76592.0,76618.0,4112900,0,0
2017-10-06,76618.0,76618.0,75603.0,76055.0,2994300,0,0
2017-10-09,76055.0,76067.0,75181.0,75727.0,2335300,0,0
2017-10-10,75745.0,76996.0,75745.0,76897.0,3489200,0,0
2017-10-11,76910.0,76985.0,76323.0,76660.0,3781500,0,0
2017-10-13,76659.0,77319.0,76659.0,76990.0,3200100,0,0
2017-10-16,76985.0,77382.0,76565.0,76892.0,3075600,0,0
2017-10-17,76892.0,76892.0,76046.0,76201.0,2771100,0,0
2017-10-18,76211.0,76730.0,76012.0,76591.0,3156800,0,0
2017-10-19,76591.0,76591.0,75366.0,76283.0,2509800,0,0
2017-10-20,76291.0,76971.0,76291.0,76391.0,2645300,0,0
2017-10-23,76398.0,76498.0,75315.0,75413.0,2631800,0,0
2017-10-24,75426.0,76420.0,75426.0,76350.0,3047500,0,0
2017-10-25,76350.0,76883.0,75404.0,76671.0,2953800,0,0
2017-10-26,76671.0,77061.0,75813.0,75896.0,2901100,0,0
2017-10-27,75898.0,76617.0,75601.0,75976.0,3434400,0,0
2017-10-30,75973.0,75973.0,74305.0,74800.0,3811600,0,0
2017-10-31,74798.0,75142.0,74145.0,74308.0,3545700,0,0
2017-11-01,74310.0,75199.0,73823.0,73824.0,3668100,0,0
2017-11-03,73834.0,74254.0,73094.0,73915.0,4386900,0,0
2017-11-06,73911.0,74445.0,73830.0,74311.0,3297400,0,0
2017-11-07,74306.0,74306.0,72386.0,72415.0,4888900,0,0
2017-11-08,72468.0,74481.0,72468.0,74363.0,3408800,0,0
2017-11-09,74363.0,74363.0,72795.0,72931.0,3303800,0,0
2017-11-10,72932.0,73019.0,71920.0,72166.0,3140100,0,0
2017-11-13,72167.0,72735.0,71776.0,72475.0,2783400,0,0
2017-11-14,72442.0,72838.0,70825.0,70827.0,4352600,0,0
2017-11-16,70827.0,72896.0,70827.0,72512.0,3340900,0,0
2017-11-17,72512.0,73632.0,72390.0,73437.0,2749700,0,0
2017-11-21,73439.0,75073.0,73439.0,74595.0,3539600,0,0
2017-11-22,74611.0,75019.0,74242.0,74519.0,3410600,0,0
2017-11-23,74519.0,74578.0,73851.0,74487.0,1556800,0,0
2017-11-24,74503.0,74542.0,74093.0,74157.0,2510300,0,0
2017-11-27,74157.0,74157.0,73159.0,74059.0,2810800,0,0
2017-11-28,74060.0,74989.0,74056.0,74140.0,3030700,0,0
2017-11-29,74146.0,74515.0,72700.0,72700.0,3639400,0,0
2017-11-30,72700.0,72700.0,71215.0,71971.0,5348800,0,0
2017-12-01,71955.0,72472.0,71488.0,72264.0,3003100,0,0
2017-12-04,72266.0,73749.0,72266.0,73090.0,3038600,0,0
2017-12-05,73090.0,74166.0,72319.0,72546.0,2913300,0,0
2017-12-06,72535.0,73418.0,71906.0,73268.0,3099300,0,0
2017-12-07,73268.0,73268.0,71356.0,72487.0,3260800,0,0
2017-12-08,72489.0,73425.0,72489.0,72732.0,3085600,0,0
2017-12-11,72775.0,73361.0,72498.0,72800.0,2450200,0,0
2017-12-12,72800.0,73814.0,71798.0,73814.0,2956100,0,0
2017-12-13,73827.0,74622.0,72569.0,72914.0,4494700,0,0
2017-12-14,72913.0,72913.0,71969.0,72429.0,3491800,0,0
2017-12-15,72428.0,73069.0,72277.0,72608.0,4659500,0,0
2017-12-18,72621.0,73519.0,72621.0,73115.0,3202900,0,0
2017-12-19,73122.0,73139.0,72347.0,72680.0,2351600,0,0
2017-12-20,72680.0,73492.0,72680.0,73367.0,2219600,0,0
2017-12-21,73367.0,75133.0,73265.0,75133.0,3056400,0,0
2017-12-22,75128.0,75227.0,74623.0,75187.0,1906900,0,0
2017-12-26,75187.0,75758.0,74924.0,75688.0,1579700,0,0
2017-12-27,75708.0,76293.0,75708.0,76073.0,1792200,0,0
2017-12-28,76077.0,76437.0,76077.0,76402.0,2083000,0,0
2017-12-29,76077.0,76437.0,76077.0,76402.0,0,0,0
2018-01-02,76403.0,77909.0,76403.0,77891.0,2880300,0,0
2018-01-03,77889.0,78414.0,77602.0,77995.0,3142200,0,0
2018-01-04,77998.0,79135.0,77998.0,78647.0,3486100,0,0
2018-01-05,78644.0,79071.0,78218.0,79071.0,2747100,0,0
2018-01-08,79070.0,79395.0,78631.0,79379.0,2550800,0,0
2018-01-09,79379.0,79415.0,78699.0,78864.0,3458600,0,0
2018-01-10,78864.0,78864.0,78164.0,78201.0,2759900,0,0
2018-01-11,78201.0,79365.0,78201.0,79365.0,3409400,0,0
2018-01-12,79365.0,79440.0,78861.0,79349.0,3577800,0,0
2018-01-15,79349.0,79847.0,79349.0,79752.0,1941000,0,0
2018-01-16,79751.0,80246.0,79668.0,79832.0,2982500,0,0
2018-01-17,79832.0,81189.0,79828.0,81189.0,3341200,0,0
2018-01-18,81185.0,81367.0,80498.0,80963.0,3429600,0,0
2018-01-19,80965.0,81429.0,80854.0,81220.0,3123200,0,0
2018-01-22,81220.0,81675.0,80923.0,81675.0,2693000,0,0
2018-01-23,81676.0,81676.0,80524.0,80678.0,3711200,0,0
2018-01-24,80679.0,83680.0,80679.0,83680.0,5503700,0,0
2018-01-26,83680.0,85531.0,83680.0,85531.0,5410600,0,0
2018-01-29,85531.0,85531.0,84341.0,84698.0,3889600,0,0
2018-01-30,84697.0,84697.0,83804.0,84482.0,3566000,0,0
2018-01-31,84485.0,86213.0,84484.0,84913.0,4233500,0,0
2018-02-01,84913.0,86028.0,84833.0,85495.0,4085300,0,0
2018-02-02,85495.0,85495.0,83831.0,84041.0,3376900,0,0
2018-02-05,84040.0,84311.0,81861.0,81861.0,3253600,0,0
2018-02-06,81857.0,84162.0,80804.0,83894.0,5599100,0,0
2018-02-07,83894.0,84410.0,82548.0,82767.0,3886000,0,0
2018-02-08,82773.0,83501.0,81109.0,81533.0,4011400,0,0
2018-02-09,81532.0,81897.0,79690.0,80899.0,4283400,0,0
2018-02-14,80901.0,83782.0,80901.0,83543.0,3910700,0,0
2018-02-15,83551.0,84686.0,83551.0,84291.0,3489300,0,0
2018-02-16,84291.0,84575.0,83824.0,84525.0,3475800,0,0
2018-02-19,84525.0,84956.0,84525.0,84793.0,2088900,0,0
2018-02-20,84792.0,86290.0,84261.0,85804.0,4078100,0,0
2018-02-21,85804.0,87358.0,85804.0,86052.0,4815500,0,0
2018-02-22,86050.0,87159.0,86050.0,86686.0,3535700,0,0
2018-02-23,86690.0,87345.0,86138.0,87293.0,4178600,0,0
2018-02-26,87296.0,88318.0,87242.0,87653.0,4047100,0,0
2018-02-27,87649.0,87839.0,86613.0,86935.0,3534700,0,0
2018-02-28,86939.0,87109.0,85431.0,85481.0,5947100,0,0
2018-03-01,85337.0,86260.0,84640.0,85378.0,4341300,0,0
2018-03-02,85378.0,85761.0,83897.0,85761.0,3884300,0,0
2018-03-05,85292.0,86165.0,85053.0,86023.0,3425200,0,0
2018-03-06,86023.0,86931.0,85653.0,85653.0,3608600,0,0
2018-03-07,85653.0,85653.0,84397.0,85484.0,3456800,0,0
2018-03-08,85510.0,85830.0,84491.0,84985.0,3694700,0,0
2018-03-09,84987.0,86389.0,84749.0,86371.0,3481500,0,0
2018-03-12,86386.0,87046.0,86386.0,86900.0,2602900,0,0
2018-03-13,86902.0,87333.0,86119.0,86384.0,2735800,0,0
2018-03-14,86383.0,86970.0,85691.0,86051.0,2561000,0,0
2018-03-15,86051.0,86051.0,84720.0,84928.0,3840100,0,0
2018-03-16,84928.0,85495.0,84525.0,84886.0,5446200,0,0
2018-03-19,84886.0,84886.0,83678.0,83913.0,3330600,0,0
2018-03-20,83919.0,84412.0,83682.0,84164.0,2682000,0,0
2018-03-21,84166.0,85145.0,84080.0,84977.0,3260900,0,0
2018-03-22,84984.0,85499.0,84197.0,84768.0,3241700,0,0
2018-03-23,84766.0,85450.0,84042.0,84377.0,3176900,0,0
2018-03-26,84377.0,85553.0,84357.0,85088.0,2355600,0,0
2018-03-27,85103.0,85296.0,83542.0,83808.0,2948400,0,0
2018-03-28,83806.0,83889.0,82889.0,83874.0,2911400,0,0
2018-03-29,83874.0,85708.0,83874.0,85366.0,3150300,0,0
2018-04-02,85365.0,85675.0,84166.0,84666.0,2598500,0,0
2018-04-03,84669.0,85411.0,84210.0,84623.0,2579000,0,0
2018-04-04,84610.0,84610.0,82826.0,84360.0,2948300,0,0
2018-04-05,84374.0,86148.0,84374.0,85210.0,4257700,0,0
2018-04-06,85210.0,85210.0,83833.0,84820.0,3069100,0,0
2018-04-09,84832.0,85110.0,83155.0,83307.0,3174800,0,0
2018-04-10,83312.0,84538.0,83312.0,84510.0,3518700,0,0
2018-04-11,84494.0,85417.0,84340.0,85246.0,3370600,0,0
2018-04-12,85246.0,85577.0,85025.0,85444.0,2837000,0,0
2018-04-13,85441.0,85441.0,84144.0,84334.0,3504200,0,0
2018-04-16,84328.0,84591.0,82762.0,82862.0,2913400,0,0
2018-04-17,82862.0,84191.0,82810.0,84086.0,2628600,0,0
2018-04-18,84090.0,86149.0,84090.0,85776.0,4196900,0,0
2018-04-19,85775.0,86059.0,85197.0,85824.0,3522500,0,0
2018-04-20,85823.0,85823.0,85025.0,85550.0,2990100,0,0
2018-04-23,85520.0,85746.0,84711.0,85602.0,2426000,0,0
2018-04-24,85603.0,86578.0,85106.0,85469.0,2845000,0,0
2018-04-25,85466.0,85466.0,84349.0,85044.0,3218400,0,0
2018-04-26,85051.0,86383.0,85051.0,86383.0,3138000,0,0
2018-04-27,86383.0,87179.0,86262.0,86445.0,0,0,0
2018-04-30,86443.0,86739.0,85979.0,86115.0,2181000,0,0
2018-05-02,86111.0,86111.0,84383.0,84547.0,3720600,0,0
2018-05-03,84547.0,84562.0,83178.0,83288.0,3977800,0,0
2018-05-04,83286.0,83671.0,82746.0,83118.0,3472900,0,0
2018-05-07,83199.0,83643.0,82602.0,82714.0,2843000,0,0
2018-05-08,82715.0,83409.0,82201.0,82956.0,3949500,0,0
2018-05-09,82977.0,84447.0,82855.0,84265.0,4695400,0,0
2018-05-10,84284.0,86201.0,84284.0,85861.0,4611100,0,0
2018-05-11,85861.0,86406.0,85183.0,85220.0,4379700,0,0
2018-05-14,85222.0,86105.0,84688.0,85232.0,4080700,0,0
2018-05-15,85225.0,85231.0,83830.0,85130.0,4405100,0,0
2018-05-16,85122.0,86678.0,85044.0,86537.0,3707000,0,0
2018-05-17,86537.0,86537.0,83377.0,83622.0,5508600,0,0
2018-05-18,83614.0,83614.0,81391.0,83082.0,5730200,0,0
2018-05-21,83095.0,83883.0,81576.0,81815.0,4242200,0,0
2018-05-22,81817.0,83396.0,81613.0,82739.0,4785500,0,0
2018-05-23,82742.0,82742.0,80867.0,80867.0,3875500,0,0
2018-05-24,80860.0,80860.0,79027.0,80122.0,6182200,0,0
2018-05-25,80123.0,80629.0,78622.0,78898.0,4650100,0,0
2018-05-28,78886.0,78886.0,75337.0,75356.0,4176200,0,0
2018-05-29,75361.0,77214.0,75361.0,76072.0,5972300,0,0
2018-05-30,76058.0,77097.0,75515.0,76754.0,7442100,0,0
2018-06-01,76779.0,78169.0,75524.0,77240.0,6044400,0,0
2018-06-04,77244.0,78637.0,77244.0,78596.0,4023100,0,0
2018-06-05,78595.0,78892.0,76412.0,76642.0,4499800,0,0
2018-06-06,76641.0,76967.0,75518.0,76117.0,4871700,0,0
2018-06-07,76117.0,76117.0,71162.0,73851.0,7919200,0,0
2018-06-08,73848.0,74031.0,71679.0,72942.0,5952400,0,0
2018-06-11,72943.0,73716.0,71843.0,72308.0,3564300,0,0
2018-06-12,72308.0,73322.0,72124.0,72754.0,3889600,0,0
2018-06-13,72757.0,72977.0,71035.0,72122.0,4360200,0,0
2018-06-14,72151.0,72708.0,71344.0,71421.0,4281600,0,0
2018-06-15,71421.0,71421.0,69583.0,70758.0,6456800,0,0
2018-06-18,70757.0,70757.0,69360.0,69815.0,3475200,0,0
2018-06-19,69811.0,72010.0,69069.0,71394.0,5185300,0,0
2018-06-20,71397.0,72617.0,71155.0,72123.0,4414600,0,0
2018-06-21,72117.0,72207.0,70019.0,70075.0,3490800,0,0
2018-06-22,70077.0,71058.0,69907.0,70641.0,3054700,0,0
2018-06-25,70642.0,71323.0,69779.0,70953.0,3346300,0,0
2018-06-26,70968.0,71622.0,70203.0,71405.0,3502300,0,0
2018-06-27,71405.0,72032.0,70134.0,70609.0,3588900,0,0
2018-06-28,70609.0,72092.0,70439.0,71767.0,3511400,0,0
2018-06-29,71779.0,73020.0,71779.0,72763.0,3879400,0,0
2018-07-02,72763.0,72840.0,71935.0,72840.0,2753900,0,0
2018-07-03,72848.0,74515.0,72848.0,73668.0,3253800,0,0
2018-07-04,73667.0,74904.0,73450.0,74743.0,2142100,0,0
2018-07-05,74751.0,75127.0,73756.0,74553.0,3562800,0,0
2018-07-06,74558.0,75065.0,74048.0,75010.0,0,0,0
2018-07-10,75015.0,75895.0,74431.0,74862.0,3901000,0,0
2018-07-11,74862.0,75025.0,74196.0,74399.0,3766800,0,0
2018-07-12,74403.0,75898.0,74403.0,75856.0,3508500,0,0
2018-07-13,75856.0,76682.0,75554.0,76594.0,0,0,0
2018-07-16,76587.0,76924.0,76129.0,76653.0,3134700,0,0
2018-07-17,76653.0,78522.0,76482.0,78130.0,3882900,0,0
2018-07-18,78124.0,78496.0,77164.0,77363.0,3394300,0,0
2018-07-19,77360.0,77487.0,75890.0,77487.0,3781100,0,0
2018-07-20,77500.0,79489.0,77500.0,78571.0,4745200,0,0
2018-07-23,78571.0,78639.0,77871.0,77996.0,2446800,0,0
2018-07-24,78005.0,79497.0,78005.0,79155.0,3283200,0,0
2018-07-25,79154.0,80437.0,79154.0,80218.0,3472700,0,0
2018-07-26,80242.0,80589.0,79081.0,79405.0,3596500,0,0
2018-07-27,79405.0,80251.0,79405.0,79866.0,3015600,0,0
2018-07-30,79866.0,80492.0,79699.0,80276.0,2631400,0,0
2018-07-31,80279.0,80279.0,79016.0,79220.0,3354500,0,0
2018-08-01,79213.0,79731.0,78769.0,79302.0,3227100,0,0
2018-08-02,79237.0,79896.0,78573.0,79637.0,3005500,0,0
2018-08-03,79656.0,81792.0,79656.0,81435.0,3802600,0,0
2018-08-06,81445.0,81765.0,80965.0,81051.0,2516600,0,0
2018-08-07,81093.0,81742.0,79923.0,80347.0,3861200,0,0
2018-08-08,80347.0,80912.0,78966.0,79152.0,3833800,0,0
2018-08-09,79171.0,79461.0,78156.0,78768.0,3717400,0,0
2018-08-10,78766.0,78766.0,76043.0,76514.0,0,0,0
2018-08-13,76513.0,77689.0,75931.0,77496.0,3958200,0,0
2018-08-14,77499.0,78742.0,77499.0,78602.0,3713000,0,0
2018-08-15,78614.0,78618.0,76829.0,77078.0,4386400,0,0
2018-08-16,77085.0,77704.0,76381.0,76819.0,3285400,0,0
2018-08-17,76817.0,76817.0,75633.0,76029.0,3742300,0,0
2018-08-20,76029.0,76497.0,75608.0,76328.0,3578100,0,0
2018-08-21,76327.0,76340.0,74915.0,75180.0,4077000,0,0
2018-08-22,75171.0,76904.0,74876.0,76902.0,3610400,0,0
2018-08-23,76898.0,77232.0,75466.0,75634.0,3866700,0,0
2018-08-24,75647.0,76629.0,75647.0,76262.0,3159900,0,0
2018-08-27,76264.0,78008.0,76264.0,77930.0,2750600,0,0
2018-08-28,77928.0,78038.0,77149.0,77473.0,2964800,0,0
2018-08-29,77472.0,78783.0,77399.0,78389.0,3127600,0,0
2018-08-30,78389.0,78389.0,76372.0,76404.0,3546800,0,0
2018-08-31,76386.0,77202.0,76026.0,76678.0,4145600,0,0
2018-09-03,76675.0,76675.0,75729.0,76193.0,1673300,0,0
2018-09-04,76192.0,76192.0,74605.0,74712.0,3162300,0,0
2018-09-05,74712.0,75370.0,74276.0,75092.0,2830400,0,0
2018-09-06,75098.0,76533.0,74986.0,76416.0,3298500,0,0
2018-09-10,76416.0,77293.0,76115.0,76436.0,3105200,0,0
2018-09-11,76437.0,76437.0,74275.0,74657.0,0,0,0
2018-09-12,74680.0,75680.0,74499.0,75125.0,3709100,0,0
2018-09-13,75126.0,75407.0,74501.0,74687.0,3062100,0,0
2018-09-14,74687.0,75705.0,74445.0,75429.0,3231700,0,0
2018-09-17,75428.0,76893.0,75227.0,76789.0,3397600,0,0
2018-09-18,76781.0,78454.0,76677.0,78314.0,4167000,0,0
2018-09-19,78268.0,79021.0,77624.0,78169.0,3780800,0,0
2018-09-20,78169.0,78944.0,77820.0,78116.0,3137600,0,0
2018-09-21,78116.0,80002.0,78116.0,79444.0,4666800,0,0
2018-09-24,79447.0,79447.0,77857.0,77984.0,0,0,0
2018-09-25,77980.0,78688.0,77005.0,78630.0,3700400,0,0
2018-09-26,78634.0,79461.0,78530.0,78656.0,3735300,0,0
2018-09-27,78676.0,80107.0,78676.0,80000.0,4475000,0,0
2018-09-28,80000.0,80000.0,78967.0,79342.0,4061400,0,0
2018-10-01,79350.0,79557.0,78091.0,78624.0,3134400,0,0
2018-10-02,78625.0,81778.0,78625.0,81612.0,5929900,0,0
2018-10-03,81624.0,85442.0,81623.0,83273.0,7618600,0,0
2018-10-04,83275.0,83430.0,81892.0,82953.0,4935600,0,0
2018-10-05,82972.0,83805.0,82030.0,82322.0,5394800,0,0
2018-10-08,82324.0,87333.0,82324.0,86084.0,9999000,0,0
2018-10-09,86053.0,86573.0,85433.0,86088.0,6461000,0,0
2018-10-10,86084.0,86085.0,83679.0,83679.0,0,0,0
2018-10-11,83700.0,84749.0,82607.0,82921.0,5188700,0,0
2018-10-15,82922.0,84278.0,82922.0,83360.0,4782900,0,0
2018-10-16,83420.0,85718.0,83420.0,85718.0,4811300,0,0
2018-10-17,85714.0,86167.0,84944.0,85764.0,4858600,0,0
2018-10-18,85760.0,85760.0,83846.0,83847.0,4085300,0,0
2018-10-19,83845.0,84954.0,83667.0,84220.0,3753500,0,0
2018-10-22,84222.0,85772.0,84222.0,85597.0,3873700,0,0
2018-10-23,85595.0,85595.0,84032.0,85300.0,4388100,0,0
2018-10-24,85302.0,85786.0,83035.0,83064.0,4679200,0,0
2018-10-25,83124.0,84831.0,83124.0,84084.0,0,0,0
2018-10-26,84084.0,85720.0,83497.0,85720.0,6471500,0,0
2018-10-29,85728.0,88377.0,82783.0,83797.0,7733900,0,0
2018-10-30,83802.0,86990.0,83802.0,86886.0,6556900,0,0
2018-10-31,86889.0,88028.0,86213.0,87424.0,5889800,0,0
2018-11-01,87428.0,89017.0,87094.0,88419.0,5878400,0,0
2018-11-05,88418.0,89598.0,88347.0,89598.0,4620800,0,0
2018-11-06,89587.0,89587.0,88066.0,88669.0,0,0,0
2018-11-07,88676.0,89565.0,87541.0,87714.0,4371300,0,0
2018-11-08,87719.0,88570.0,85620.0,85620.0,5297700,0,0
2018-11-09,85620.0,86233.0,84030.0,85641.0,4814400,0,0
2018-11-12,85644.0,86227.0,85009.0,85525.0,3534000,0,0
2018-11-13,85531.0,85941.0,84071.0,84914.0,4410700,0,0
2018-11-14,84898.0,85973.0,84267.0,85973.0,5591600,0,0
2018-11-16,85975.0,88516.0,85975.0,88515.0,5184200,0,0
2018-11-19,88472.0,88484.0,87047.0,87901.0,3642100,0,0
2018-11-21,87896.0,87896.0,86254.0,87269.0,4140600,0,0
2018-11-22,87269.0,87656.0,87222.0,87477.0,2244500,0,0
2018-11-23,87479.0,87479.0,85763.0,86230.0,4148700,0,0
2018-11-26,86237.0,87147.0,84905.0,85547.0,4557300,0,0
2018-11-27,85547.0,88018.0,85377.0,87891.0,4971300,0,0
2018-11-28,87891.0,89483.0,87153.0,89251.0,5295600,0,0
2018-11-29,89145.0,89910.0,88475.0,89710.0,4257400,0,0
2018-11-30,89709.0,90246.0,89258.0,89504.0,6736700,0,0
2018-12-03,89511.0,91242.0,89429.0,89820.0,5935600,0,0
2018-12-04,89820.0,90452.0,88041.0,88624.0,4879700,0,0
2018-12-05,88644.0,89111.0,88449.0,89040.0,2790000,0,0
2018-12-06,88933.0,88933.0,87025.0,88846.0,4370100,0,0
2018-12-07,88849.0,89986.0,87907.0,88115.0,4479100,0,0
2018-12-10,88115.0,88384.0,85915.0,85915.0,4084400,0,0
2018-12-11,85918.0,87520.0,85583.0,86420.0,4390100,0,0
2018-12-12,86420.0,87946.0,86420.0,86977.0,5000500,0,0
2018-12-13,86979.0,87842.0,86856.0,87838.0,3658600,0,0
2018-12-14,87838.0,88184.0,87106.0,87450.0,3553300,0,0
2018-12-17,87448.0,87820.0,86328.0,86400.0,3849300,0,0
2018-12-18,86400.0,87274.0,86400.0,86610.0,4093500,0,0
2018-12-19,86617.0,88101.0,85674.0,85674.0,5664200,0,0
2018-12-20,85678.0,86584.0,84756.0,85269.0,6100500,0,0
2018-12-21,85269.0,86554.0,85134.0,85697.0,6076200,0,0
2018-12-26,85684.0,85684.0,83892.0,85136.0,3355100,0,0
2018-12-27,85141.0,85739.0,84876.0,85460.0,3820900,0,0
2018-12-28,85469.0,88044.0,85469.0,87887.0,3649100,0,0
2019-01-02,87887.0,91479.0,87536.0,91012.0,5615400,0,0
2019-01-03,91011.0,91596.0,89922.0,91564.0,6066200,0,0
2019-01-04,91577.0,92701.0,90824.0,91841.0,5322100,0,0
2019-01-07,91845.0,92552.0,91288.0,91699.0,4565000,0,0
2019-01-08,91699.0,92231.0,91064.0,92032.0,4496500,0,0
2019-01-09,92033.0,93626.0,92028.0,93613.0,5011400,0,0
2019-01-10,93599.0,93987.0,93050.0,93806.0,4840600,0,0
2019-01-11,93806.0,93961.0,93359.0,93658.0,5330500,0,0
2019-01-14,93645.0,94474.0,93335.0,94474.0,4486900,0,0
2019-01-15,94474.0,94695.0,93402.0,94056.0,4836400,0,0
2019-01-16,94057.0,94393.0,93687.0,94393.0,4257400,0,0
2019-01-17,94393.0,95682.0,93950.0,95351.0,4944200,0,0
2019-01-18,95386.0,96396.0,95386.0,96097.0,4884000,0,0
2019-01-21,96093.0,96093.0,94863.0,96010.0,2717600,0,0
2019-01-22,96008.0,96070.0,94662.0,95103.0,4256000,0,0
2019-01-23,95116.0,96576.0,95116.0,96558.0,0,0,0
2019-01-24,96558.0,97677.0,96558.0,97677.0,5019400,0,0
2019-01-28,97674.0,97937.0,94783.0,95444.0,7185300,0,0
2019-01-29,95508.0,96751.0,95508.0,95639.0,5262000,0,0
2019-01-30,95643.0,97107.0,95643.0,96996.0,6164400,0,0
2019-01-31,96996.0,98405.0,96996.0,97394.0,5976000,0,0
2019-02-01,97395.0,98044.0,96990.0,97861.0,4301600,0,0
2019-02-04,97861.0,98589.0,96901.0,98589.0,4278300,0,0
2019-02-05,98587.0,98587.0,97596.0,98311.0,4773700,0,0
2019-02-06,98308.0,98308.0,94636.0,94636.0,5458200,0,0
2019-02-07,94654.0,95642.0,93507.0,94406.0,5612500,0,0
2019-02-08,94401.0,95486.0,93424.0,95343.0,5302500,0,0
2019-02-11,95351.0,95499.0,93737.0,94413.0,3767300,0,0
2019-02-12,94420.0,96571.0,94420.0,96168.0,4915000,0,0
2019-02-13,96169.0,96804.0,95389.0,95842.0,5814400,0,0
2019-02-14,95843.0,98019.0,94915.0,98015.0,5222300,0,0
2019-02-15,98015.0,98238.0,97083.0,97526.0,4586300,0,0
2019-02-18,97527.0,97527.0,96239.0,96510.0,2837100,0,0
2019-02-19,96513.0,98185.0,96513.0,97659.0,4830600,0,0
2019-02-20,97661.0,98544.0,96545.0,96545.0,5906800,0,0
2019-02-21,96546.0,97231.0,95793.0,96932.0,5814100,0,0
2019-02-22,96929.0,97887.0,96929.0,97886.0,4426600,0,0
2019-02-25,97881.0,98190.0,97087.0,97240.0,4360000,0,0
2019-02-26,97242.0,97904.0,97235.0,97603.0,3555100,0,0
2019-02-27,97603.0,97782.0,96886.0,97307.0,3873500,0,0
2019-02-28,97307.0,97528.0,95364.0,95584.0,5365700,0,0
2019-03-01,95584.0,96113.0,94394.0,94604.0,4054700,0,0
2019-03-06,94604.0,94889.0,93945.0,94217.0,2715300,0,0
2019-03-07,94216.0,94532.0,93729.0,94340.0,4104300,0,0
2019-03-08,94340.0,95476.0,93305.0,95365.0,4054200,0,0
2019-03-11,95384.0,98027.0,95384.0,98027.0,4251500,0,0
2019-03-12,98038.0,98150.0,97267.0,97828.0,3832900,0,0
2019-03-13,97831.0,99267.0,97464.0,98904.0,4812100,0,0
2019-03-14,98905.0,99036.0,97776.0,98605.0,3584500,0,0
2019-03-15,98605.0,99393.0,98597.0,99137.0,5136400,0,0
2019-03-18,99141.0,100038.0,99141.0,99994.0,4204100,0,0
2019-03-19,99991.0,100439.0,99373.0,99588.0,5231100,0,0
2019-03-20,99588.0,99708.0,97981.0,98041.0,4633200,0,0
2019-03-21,98041.0,98046.0,95456.0,96729.0,5321200,0,0
2019-03-22,96725.0,96725.0,93380.0,93735.0,6001100,0,0
2019-03-25,93735.0,94384.0,93103.0,93662.0,4508400,0,0
2019-03-26,93668.0,95525.0,93668.0,95307.0,4660700,0,0
2019-03-27,95297.0,95297.0,91903.0,91903.0,5726900,0,0
2019-03-28,91901.0,94854.0,91584.0,94389.0,5192300,0,0
2019-03-29,94402.0,95863.0,94402.0,95415.0,4674600,0,0
2019-04-01,95423.0,96752.0,95423.0,96054.0,3753500,0,0
2019-04-02,96062.0,96690.0,94825.0,95387.0,3713200,0,0
2019-04-03,95392.0,96442.0,94124.0,94491.0,4308900,0,0
2019-04-04,94503.0,96394.0,94334.0,96313.0,4086200,0,0
2019-04-05,96319.0,97493.0,96152.0,97108.0,3689000,0,0
2019-04-08,97110.0,97610.0,96743.0,97369.0,3430800,0,0
2019-04-09,97366.0,97366.0,95488.0,96292.0,3733400,0,0
2019-04-10,96292.0,96902.0,95670.0,95953.0,4574600,0,0
2019-04-11,95954.0,95954.0,94173.0,94755.0,3530500,0,0
2019-04-12,94747.0,94768.0,92516.0,92875.0,6712200,0,0
2019-04-15,92875.0,93723.0,92697.0,93083.0,4629800,0,0
2019-04-16,93082.0,95062.0,92879.0,94333.0,4581600,0,0
2019-04-17,94337.0,95042.0,92338.0,93285.0,6458600,0,0
2019-04-18,93285.0,95140.0,93285.0,94578.0,4933300,0,0
2019-04-22,94578.0,95038.0,93721.0,94588.0,3176600,0,0
2019-04-23,94590.0,96315.0,94590.0,95923.0,4309100,0,0
2019-04-24,95923.0,95923.0,94163.0,95045.0,4658800,0,0
2019-04-25,95027.0,96552.0,94213.0,96552.0,4878200,0,0
2019-04-26,96552.0,96563.0,95620.0,96236.0,3767100,0,0
2019-04-29,96254.0,97123.0,96004.0,96188.0,3225400,0,0
2019-04-30,96191.0,96707.0,95613.0,96353.0,4228600,0,0
2019-05-02,96339.0,96339.0,95312.0,95528.0,3863600,0,0
2019-05-03,95521.0,96315.0,95521.0,96008.0,4014800,0,0
2019-05-06,95992.0,95992.0,94540.0,95009.0,3216000,0,0
2019-05-07,95009.0,95009.0,92750.0,94389.0,4907400,0,0
2019-05-08,94389.0,96312.0,94389.0,95597.0,4916500,0,0
2019-05-09,95597.0,95597.0,93883.0,94808.0,4152200,0,0
2019-05-10,94809.0,94848.0,93234.0,94258.0,4097900,0,0
2019-05-13,94252.0,94252.0,91600.0,91727.0,4662600,0,0
2019-05-14,91736.0,92529.0,91562.0,92092.0,4045400,0,0
2019-05-15,92088.0,92088.0,90295.0,91623.0,4791900,0,0
2019-05-16,91622.0,91622.0,89778.0,90024.0,5570000,0,0
2019-05-17,90023.0,91321.0,89409.0,89993.0,5342700,0,0
2019-05-20,90006.0,92117.0,89822.0,91946.0,4620000,0,0
2019-05-21,91946.0,94573.0,91946.0,94485.0,5397000,0,0
2019-05-22,94485.0,95212.0,93883.0,94361.0,4232500,0,0
2019-05-23,94360.0,94547.0,93300.0,93910.0,3787800,0,0
2019-05-24,93912.0,94900.0,93545.0,93628.0,3484700,0,0
2019-05-27,93626.0,95444.0,93626.0,94864.0,2544800,0,0
2019-05-28,94863.0,96552.0,94707.0,96393.0,6383100,0,0
2019-05-29,96389.0,96986.0,95690.0,96567.0,4559100,0,0
2019-05-30,96566.0,97939.0,96511.0,97457.0,4398200,0,0
2019-05-31,97420.0,97992.0,96792.0,97030.0,5089500,0,0
2019-06-03,97036.0,97757.0,96430.0,97020.0,4547900,0,0
2019-06-04,97020.0,97723.0,96593.0,97380.0,4293300,0,0
2019-06-05,97381.0,97686.0,95686.0,95999.0,3769100,0,0
2019-06-06,96002.0,97462.0,96002.0,97205.0,4054900,0,0
2019-06-07,97205.0,98326.0,97205.0,97821.0,3718500,0,0
2019-06-10,97828.0,97856.0,96782.0,97467.0,3584000,0,0
2019-06-11,97467.0,98985.0,97467.0,98960.0,4922400,0,0
2019-06-12,98960.0,99240.0,97831.0,98321.0,4948800,0,0
2019-06-13,98321.0,99364.0,98321.0,98774.0,5594000,0,0
2019-06-14,98776.0,98981.0,97601.0,98040.0,9184900,0,0
2019-06-17,98038.0,98439.0,97623.0,97623.0,3926300,0,0
2019-06-18,97633.0,99412.0,97633.0,99404.0,4524500,0,0
2019-06-19,99403.0,100327.0,98978.0,100303.0,4411300,0,0
2019-06-21,100305.0,102100.0,100305.0,102013.0,5490800,0,0
2019-06-24,102018.0,102617.0,101589.0,102062.0,3559800,0,0
2019-06-25,102061.0,102061.0,99890.0,100093.0,4469200,0,0
2019-06-26,100095.0,101126.0,100095.0,100689.0,5013800,0,0
2019-06-27,100689.0,101025.0,99421.0,100724.0,4154700,0,0
2019-06-28,100726.0,101563.0,100726.0,100967.0,4079900,0,0
2019-07-01,100973.0,102432.0,100973.0,101340.0,411600,0,0
2019-07-02,101342.0,101565.0,100073.0,100605.0,4951600,0,0
2019-07-03,100576.0,102177.0,100451.0,102043.0,4801200,0,0
2019-07-04,102047.0,104022.0,102047.0,103636.0,3978700,0,0
2019-07-05,103628.0,104176.0,102622.0,104089.0,4208400,0,0
2019-07-08,104090.0,104679.0,103988.0,104530.0,3500300,0,0
2019-07-10,104537.0,106650.0,104537.0,105817.0,6815700,0,0
2019-07-11,105818.0,105886.0,104814.0,105146.0,4845300,0,0
2019-07-12,105158.0,105731.0,103903.0,103906.0,4748000,0,0
2019-07-15,103909.0,104578.0,103495.0,103803.0,3995500,0,0
2019-07-16,103805.0,104440.0,103361.0,103775.0,4475800,0,0
2019-07-17,103775.0,104453.0,103712.0,103856.0,3818300,0,0
2019-07-18,103859.0,104773.0,103859.0,104717.0,4410900,0,0
2019-07-19,104716.0,104723.0,103388.0,103452.0,3484400,0,0
2019-07-22,103452.0,104278.0,103452.0,103949.0,3464400,0,0
2019-07-23,103949.0,104430.0,103518.0,103704.0,4050300,0,0
2019-07-24,103707.0,104570.0,103707.0,104120.0,4872700,0,0
2019-07-25,102991.0,103464.0,102390.0,102655.0,5804700,0,0
2019-07-26,102654.0,103209.0,102196.0,102819.0,5141400,0,0
2019-07-29,102817.0,103483.0,102461.0,103483.0,3559900,0,0
2019-07-30,103483.0,103555.0,102596.0,102933.0,4060500,0,0
2019-07-31,102946.0,103129.0,100950.0,101812.0,5072900,0,0
2019-08-01,101819.0,104056.0,101819.0,102126.0,7129100,0,0
2019-08-02,102122.0,103180.0,101667.0,102674.0,4923500,0,0
2019-08-05,102658.0,102658.0,99630.0,100098.0,5000400,0,0
2019-08-06,100098.0,102178.0,100098.0,102164.0,5074800,0,0
2019-08-07,102163.0,102784.0,100476.0,102782.0,5570600,0,0
2019-08-08,102811.0,104282.0,102811.0,104115.0,5538300,0,0
2019-08-09,104102.0,104848.0,103547.0,103996.0,4549300,0,0
2019-08-12,103946.0,103946.0,101621.0,101915.0,4509700,0,0
2019-08-13,101912.0,103778.0,101414.0,103299.0,5198900,0,0
2019-08-14,103270.0,103270.0,99955.0,100258.0,6485200,0,0
2019-08-15,100262.0,101014.0,98200.0,99057.0,6585300,0,0
2019-08-16,99059.0,100567.0,99059.0,99806.0,5483400,0,0
2019-08-19,99810.0,100948.0,98908.0,99469.0,4924000,0,0
2019-08-20,99472.0,99665.0,98002.0,99222.0,5235200,0,0
2019-08-21,99227.0,101240.0,99221.0,101202.0,5969700,0,0
2019-08-22,101209.0,101469.0,100011.0,100011.0,4495500,0,0
2019-08-23,100007.0,100025.0,97085.0,97667.0,5668800,0,0
2019-08-26,97687.0,98436.0,95961.0,96430.0,4136800,0,0
2019-08-27,96434.0,97951.0,95855.0,97276.0,6581700,0,0
2019-08-28,97273.0,98346.0,96557.0,98194.0,4350800,0,0
2019-08-29,98194.0,100684.0,98194.0,100524.0,5163300,0,0
2019-08-30,100526.0,101551.0,100526.0,101135.0,6109600,0,0
2019-09-02,101133.0,101611.0,100626.0,100626.0,2685400,0,0
2019-09-03,100626.0,101417.0,99406.0,99681.0,0,0,0
2019-09-04,99706.0,101201.0,99706.0,101201.0,4310700,0,0
2019-09-05,101204.0,103258.0,101204.0,102243.0,4814300,0,0
2019-09-06,102247.0,103182.0,102246.0,102935.0,3976000,0,0
2019-09-09,102937.0,104260.0,102793.0,103181.0,5516800,0,0
2019-09-10,103180.0,103503.0,102231.0,103032.0,5478900,0,0
2019-09-11,103036.0,104156.0,103036.0,103446.0,4877000,0,0
2019-09-12,104389.0,104618.0,103733.0,104371.0,4962500,0,0
2019-09-13,104371.0,104699.0,103275.0,103501.0,4039400,0,0
2019-09-16,103496.0,104005.0,102782.0,103680.0,6038700,0,0
2019-09-17,103680.0,104619.0,103079.0,104617.0,4574900,0,0
2019-09-18,104616.0,104762.0,103684.0,104532.0,3882100,0,0
2019-09-19,104555.0,106001.0,104286.0,104339.0,4915800,0,0
2019-09-20,104339.0,105045.0,103914.0,104817.0,6769100,0,0
2019-09-23,104817.0,104817.0,104020.0,104638.0,6769100,0,0
2019-09-24,104638.0,104893.0,103504.0,103876.0,3972200,0,0
2019-09-25,103857.0,104481.0,103034.0,104481.0,4117500,0,0
2019-09-26,104485.0,105342.0,104337.0,105319.0,4138700,0,0
2019-09-27,105319.0,105633.0,104506.0,105078.0,3471200,0,0
2019-09-30,105077.0,105178.0,104638.0,104745.0,3895800,0,0
2019-10-01,104745.0,105121.0,103837.0,104053.0,4095700,0,0
2019-10-02,104049.0,104049.0,100944.0,101031.0,5066200,0,0
2019-10-03,101031.0,101560.0,99826.0,101516.0,4665600,0,0
2019-10-04,101516.0,102580.0,101057.0,102551.0,4649400,0,0
2019-10-07,102546.0,102546.0,100542.0,100573.0,3938300,0,0
2019-10-08,100565.0,101296.0,99868.0,99981.0,4342700,0,0
2019-10-09,100005.0,101567.0,100005.0,101249.0,3939000,0,0
2019-10-10,101244.0,102483.0,101152.0,101817.0,4373100,0,0
2019-10-11,101819.0,104381.0,101819.0,103832.0,4351800,0,0
2019-10-14,103834.0,104305.0,103438.0,104302.0,2987900,0,0
2019-10-15,104299.0,105048.0,104052.0,104490.0,4093400,0,0
2019-10-16,104486.0,105462.0,103521.0,105423.0,4509400,0,0
2019-10-17,105389.0,105891.0,104827.0,105016.0,4189000,0,0
2019-10-18,105012.0,105464.0,104525.0,104729.0,4478100,0,0
2019-10-21,104729.0,106027.0,104696.0,106022.0,3504900,0,0
2019-10-22,107101.0,107382.0,107076.0,107381.0,5224900,0,0
2019-10-23,107381.0,107959.0,107041.0,107544.0,4656200,0,0
2019-10-24,107553.0,107744.0,106593.0,106986.0,5619200,0,0
2019-10-25,106990.0,108083.0,106990.0,107364.0,5398900,0,0
2019-10-28,107366.0,108393.0,107362.0,108187.0,3967200,0,0
2019-10-29,108189.0,108195.0,107313.0,107556.0,4313200,0,0
2019-10-30,107557.0,108408.0,106622.0,108408.0,5450600,0,0
2019-10-31,108403.0,108403.0,106356.0,107220.0,5376000,0,0
2019-11-01,107221.0,108496.0,107220.0,108196.0,5466300,0,0
2019-11-04,108196.0,109352.0,108196.0,108601.0,5182200,0,0
2019-11-05,108779.0,109343.0,108253.0,108451.0,5657600,0,0
2019-11-06,108719.0,109633.0,107446.0,108336.0,5505500,0,0
2019-11-07,108360.0,109672.0,108360.0,109581.0,6075600,0,0
2019-11-08,109572.0,109572.0,107127.0,107629.0,5419600,0,0
2019-11-11,107622.0,108263.0,106814.0,108215.0,3928900,0,0
2019-11-12,108368.0,108368.0,106232.0,106785.0,5219300,0,0
2019-11-13,106751.0,106786.0,105261.0,105914.0,5339000,0,0
2019-11-14,106052.0,106758.0,105820.0,106557.0,5364300,0,0
2019-11-18,106566.0,107519.0,106282.0,106347.0,4919800,0,0
2019-11-19,106269.0,106950.0,105367.0,105618.0,3610300,0,0
2019-11-21,105866.0,107497.0,105864.0,107497.0,5819400,0,0
2019-11-22,107497.0,108692.0,107157.0,108692.0,4796100,0,0
2019-11-25,108692.0,108915.0,108080.0,108424.0,4512400,0,0
2019-11-26,108424.0,108424.0,106414.0,107059.0,6904900,0,0
2019-11-27,107059.0,107991.0,106312.0,107708.0,4418200,0,0
2019-11-28,107708.0,108333.0,107148.0,108290.0,3666100,0,0
2019-11-29,108283.0,108708.0,107759.0,108233.0,4186600,0,0
2019-12-02,108246.0,109279.0,108245.0,109061.0,4708000,0,0
2019-12-03,108931.0,109198.0,108190.0,108956.0,5223100,0,0
2019-12-04,108962.0,110301.0,108962.0,110301.0,4889500,0,0
2019-12-05,110297.0,111073.0,110008.0,110622.0,4399100,0,0
2019-12-06,110623.0,111430.0,110623.0,111126.0,4968100,0,0
2019-12-09,111125.0,111453.0,110870.0,110977.0,4991500,0,0
2019-12-10,110973.0,111184.0,110133.0,110672.0,4758800,0,0
2019-12-11,110672.0,111227.0,110530.0,110964.0,5146100,0,0
2019-12-12,110963.0,112445.0,110963.0,112200.0,5682000,0,0
2019-12-13,112205.0,112829.0,111780.0,112565.0,7712100,0,0
2019-12-16,112565.0,113197.0,111896.0,111896.0,6078300,0,0
2019-12-17,111897.0,112695.0,111897.0,112616.0,5352500,0,0
2019-12-18,112618.0,114339.0,112300.0,114315.0,7940900,0,0
2019-12-19,114313.0,115132.0,113712.0,115131.0,5784600,0,0
2019-12-20,115133.0,115171.0,114526.0,115121.0,6887400,0,0
2019-12-23,115119.0,115863.0,114964.0,115863.0,3995200,0,0
2019-12-26,115864.0,117220.0,115673.0,117203.0,3788900,0,0
2019-12-27,117205.0,117803.0,115995.0,116534.0,3905900,0,0
2019-12-30,116530.0,117086.0,115790.0,115964.0,3667900,0,0
2020-01-02,115652.0,118573.0,115649.0,118573.0,5162700,0,0
2020-01-03,118564.0,118792.0,117341.0,117707.0,6834500,0,0
2020-01-06,117707.0,117707.0,116269.0,116878.0,6570000,0,0
2020-01-07,116872.0,117076.0,115965.0,116662.0,4854100,0,0
2020-01-08,116667.0,117335.0,115693.0,116247.0,5910500,0,0
2020-01-09,116248.0,116820.0,115411.0,115947.0,5953500,0,0
2020-01-10,115948.0,116745.0,114952.0,115503.0,4783400,0,0
2020-01-13,115503.0,117333.0,115503.0,117325.0,5685100,0,0
2020-01-14,117325.0,117705.0,116610.0,117632.0,5361700,0,0
2020-01-15,117632.0,117632.0,116188.0,116414.0,5569400,0,0
2020-01-16,116415.0,117106.0,115961.0,116704.0,5422700,0,0
2020-01-17,116710.0,118479.0,116710.0,118478.0,4947200,0,0
2020-01-20,118478.0,118862.0,117928.0,118862.0,3843500,0,0
2020-01-21,118861.0,118861.0,117026.0,117026.0,5085600,0,0
2020-01-22,117035.0,118401.0,117035.0,118391.0,5765700,0,0
2020-01-23,118391.0,119535.0,116906.0,119528.0,6572400,0,0
2020-01-24,119528.0,119593.0,118108.0,118376.0,4778700,0,0
2020-01-27,118347.0,118347.0,114376.0,114482.0,6097800,0,0
2020-01-28,114482.0,116797.0,114475.0,116479.0,5229400,0,0
2020-01-29,116494.0,117171.0,115164.0,115385.0,5097800,0,0
2020-01-30,115375.0,115528.0,112825.0,115528.0,6315600,0,0
2020-01-31,115518.0,115518.0,113148.0,113761.0,6219900,0,0
2020-02-03,113761.0,115299.0,113467.0,114629.0,5512200,0,0
2020-02-04,114631.0,116556.0,114631.0,115557.0,5829400,0,0
2020-02-05,115563.0,117701.0,115562.0,116028.0,7173800,0,0
2020-02-06,116033.0,117382.0,114723.0,115190.0,7382400,0,0
2020-02-07,115190.0,115190.0,113769.0,113770.0,6594100,0,0
2020-02-10,113771.0,114176.0,112134.0,112570.0,7486300,0,0
2020-02-11,112574.0,115576.0,112574.0,115371.0,6767900,0,0
2020-02-12,115371.0,117581.0,115371.0,116674.0,8159200,0,0
2020-02-13,116660.0,116660.0,114801.0,115662.0,5635700,0,0
2020-02-14,115663.0,115663.0,114132.0,114381.0,5335900,0,0
2020-02-17,114381.0,115696.0,114381.0,115309.0,0,0,0
2020-02-18,115309.0,115309.0,113532.0,114977.0,5548400,0,0
2020-02-19,114982.0,116545.0,114774.0,116518.0,6334100,0,0
2020-02-20,116518.0,116552.0,114379.0,114586.0,6793000,0,0
2020-02-21,114585.0,114585.0,112661.0,113681.0,5896200,0,0
2020-02-26,113647.0,113647.0,105053.0,105718.0,9369800,0,0
2020-02-27,105711.0,106656.0,102984.0,102984.0,11237700,0,0
2020-02-28,102984.0,104172.0,99951.0,104172.0,11228400,0,0
2020-03-02,104260.0,107220.0,103779.0,106625.0,8858400,0,0
2020-03-03,106630.0,108804.0,104405.0,105537.0,9385600,0,0
2020-03-04,105540.0,107809.0,105042.0,107224.0,8410500,0,0
2020-03-05,107217.0,107217.0,100536.0,102233.0,8598600,0,0
2020-03-06,102231.0,102231.0,96886.0,97997.0,11864200,0,0
2020-03-09,97982.0,97982.0,85880.0,86067.0,14645500,0,0
2020-03-10,86071.0,92230.0,86071.0,92214.0,13531700,0,0
2020-03-11,92202.0,92202.0,80796.0,85171.0,11786900,0,0
2020-03-12,85103.0,85103.0,68488.0,72583.0,12008700,0,0
2020-03-13,72621.0,83758.0,72621.0,82678.0,15766300,0,0
2020-03-16,82565.0,82565.0,70855.0,71168.0,12847800,0,0
2020-03-17,71178.0,77255.0,70783.0,74617.0,14945900,0,0
2020-03-18,74576.0,74576.0,63547.0,66895.0,16751500,0,0
2020-03-19,66883.0,70071.0,61691.0,68332.0,16144700,0,0
2020-03-20,68344.0,72247.0,66120.0,67069.0,15152400,0,0
2020-03-23,67067.0,67604.0,62161.0,63570.0,11962200,0,0
2020-03-24,63604.0,71535.0,63604.0,69729.0,11679900,0,0
2020-03-25,69727.0,76714.0,69360.0,74956.0,12951100,0,0
2020-03-26,74956.0,78846.0,74923.0,77710.0,12758000,0,0
2020-03-27,77708.0,77708.0,73057.0,73429.0,10301400,0,0
2020-03-30,73431.0,75430.0,73184.0,74640.0,9032200,0,0
2020-03-31,74629.0,75511.0,72385.0,73020.0,11141500,0,0
2020-04-01,73011.0,73011.0,69569.0,70967.0,10093500,0,0
2020-04-02,70969.0,73861.0,70957.0,72253.0,10540200,0,0
2020-04-03,72241.0,72241.0,67802.0,69538.0,10411300,0,0
2020-04-06,69556.0,75260.0,69556.0,74073.0,9685400,0,0
2020-04-07,74078.0,79855.0,74078.0,76358.0,11286500,0,0
2020-04-08,76335.0,79058.0,76115.0,78625.0,10206300,0,0
2020-04-09,78640.0,80428.0,77457.0,77682.0,10748700,0,0
2020-04-13,77682.0,78836.0,76405.0,78836.0,7651300,0,0
2020-04-14,78848.0,81668.0,78848.0,79918.0,8593600,0,0
2020-04-15,79911.0,80035.0,77546.0,78831.0,9758400,0,0
2020-04-16,78837.0,80167.0,77452.0,77812.0,9028400,0,0
2020-04-17,77817.0,79846.0,77754.0,78990.0,8317800,0,0
2020-04-20,78989.0,80106.0,76943.0,78973.0,8874700,0,0
2020-04-22,78973.0,81184.0,78973.0,80687.0,9848900,0,0
2020-04-23,80690.0,81934.0,78622.0,79673.0,10823500,0,0
2020-04-24,79667.0,79667.0,72041.0,75331.0,16529200,0,0
2020-04-27,75334.0,78563.0,75327.0,78239.0,10656900,0,0
2020-04-28,78243.0,81427.0,78243.0,81312.0,12939000,0,0
2020-04-29,81313.0,83598.0,81313.0,83171.0,11719700,0,0
2020-04-30,83169.0,83169.0,80168.0,80506.0,11804600,0,0
2020-05-04,80501.0,80502.0,77640.0,78876.0,8594200,0,0
2020-05-05,78887.0,81066.0,78886.0,79471.0,9154700,0,0
2020-05-06,79473.0,79996.0,78056.0,79064.0,9775900,0,0
2020-05-07,79072.0,80061.0,78061.0,78119.0,13808900,0,0
2020-05-08,78152.0,80557.0,78152.0,80263.0,10734400,0,0
2020-05-11,80263.0,80723.0,78994.0,79065.0,9781900,0,0
2020-05-12,79065.0,80344.0,77872.0,77872.0,10245400,0,0
2020-05-13,77877.0,78911.0,77152.0,77772.0,11575900,0,0
2020-05-14,77770.0,79011.0,75697.0,79011.0,13818900,0,0
2020-05-15,79011.0,79538.0,77426.0,77557.0,11718200,0,0
2020-05-18,77576.0,81420.0,77571.0,81194.0,11533100,0,0
2020-05-19,81197.0,82175.0,80647.0,80742.0,10740100,0,0
2020-05-20,80747.0,82290.0,80740.0,81319.0,9522800,0,0
2020-05-21,81320.0,83309.0,81317.0,83027.0,11395200,0,0
2020-05-22,83027.0,83027.0,81669.0,82173.0,9281200,0,0
2020-05-25,82198.0,85876.0,82193.0,85663.0,8764400,0,0
2020-05-26,85668.0,87333.0,85396.0,85469.0,12030800,0,0
2020-05-27,85468.0,87946.0,85468.0,87946.0,11212000,0,0
2020-05-28,87946.0,88091.0,86767.0,86949.0,10117000,0,0
2020-05-29,86951.0,87410.0,85384.0,87403.0,16550900,0,0
2020-06-01,87395.0,89019.0,86837.0,88620.0,9849400,0,0
2020-06-02,88622.0,91046.0,88622.0,91046.0,11827300,0,0
2020-06-03,91048.0,93710.0,91048.0,93002.0,15137900,0,0
2020-06-04,92993.0,94132.0,92221.0,93829.0,11488000,0,0
2020-06-05,93839.0,97356.0,93839.0,94637.0,13320300,0,0
2020-06-08,94640.0,97693.0,94635.0,97645.0,11096500,0,0
2020-06-09,97644.0,97644.0,95386.0,96747.0,11278800,0,0
2020-06-10,96747.0,97646.0,94665.0,94686.0,11739600,0,0
2020-06-12,94677.0,94703.0,90811.0,92795.0,12785600,0,0
2020-06-15,92780.0,93112.0,90148.0,92376.0,13317500,0,0
2020-06-16,92387.0,95216.0,92387.0,93531.0,12034200,0,0
2020-06-17,93531.0,96611.0,93531.0,95547.0,11134700,0,0
2020-06-18,95547.0,97110.0,94698.0,96125.0,10008500,0,0
2020-06-19,96138.0,97540.0,95874.0,96572.0,13134400,0,0
2020-06-22,96572.0,96870.0,94869.0,95336.0,8264700,0,0
2020-06-23,95344.0,97486.0,95344.0,95975.0,9752700,0,0
2020-06-24,95974.0,95974.0,93259.0,94377.0,9962700,0,0
2020-06-25,94382.0,96260.0,94152.0,95983.0,8697900,0,0
2020-06-26,95979.0,95979.0,93514.0,93834.0,8439100,0,0
2020-06-29,93837.0,95735.0,93825.0,95735.0,8906800,0,0
2020-06-30,95728.0,96257.0,94806.0,95056.0,10144500,0,0
2020-07-01,95062.0,96852.0,95062.0,96203.0,10163300,0,0
2020-07-02,96206.0,97864.0,96052.0,96235.0,10062900,0,0
2020-07-03,96237.0,96765.0,95803.0,96765.0,5351600,0,0
2020-07-06,96776.0,99257.0,96768.0,98937.0,9489400,0,0
2020-07-07,98937.0,98938.0,97272.0,97761.0,8951400,0,0
2020-07-08,97765.0,99973.0,97765.0,99770.0,9142700,0,0
2020-07-09,99770.0,100191.0,98861.0,99160.0,0,0,0
2020-07-10,99160.0,100101.0,98739.0,100032.0,9147200,0,0
2020-07-13,100027.0,100858.0,98697.0,98697.0,10382300,0,0
2020-07-14,98699.0,100632.0,98289.0,100440.0,10019400,0,0
2020-07-15,100444.0,102114.0,100444.0,101791.0,9285600,0,0
2020-07-16,101791.0,101792.0,100160.0,100553.0,8127100,0,0
2020-07-17,100554.0,103017.0,100554.0,102888.0,10429400,0,0
2020-07-20,102888.0,104439.0,102744.0,104426.0,8931800,0,0
2020-07-21,104426.0,105449.0,103732.0,104310.0,11105800,0,0
2020-07-22,104312.0,104980.0,103277.0,104290.0,10833700,0,0
2020-07-23,104291.0,104949.0,102119.0,102293.0,10366600,0,0
2020-07-24,102292.0,102694.0,100859.0,102382.0,9795200,0,0
2020-07-27,102381.0,104585.0,102381.0,104477.0,9622400,0,0
2020-07-28,104477.0,104663.0,103592.0,104109.0,9087100,0,0
2020-07-29,104112.0,105704.0,104112.0,105605.0,9238300,0,0
2020-07-30,105605.0,105607.0,103920.0,105009.0,9591700,0,0
2020-07-31,105010.0,105462.0,102642.0,102912.0,12929300,0,0
2020-08-03,102913.0,103863.0,102304.0,102830.0,10901000,0,0
2020-08-04,102826.0,103012.0,100005.0,101216.0,12029800,0,0
2020-08-05,101220.0,103763.0,101220.0,102802.0,10922100,0,0
2020-08-06,102733.0,104523.0,102733.0,104126.0,9686600,0,0
2020-08-07,104116.0,104126.0,101957.0,102776.0,10337100,0,0
2020-08-10,102776.0,103722.0,101282.0,103444.0,8259500,0,0
2020-08-11,103449.0,104409.0,102174.0,102174.0,9360900,0,0
2020-08-12,102176.0,103116.0,100698.0,102118.0,10114200,0,0
2020-08-13,102118.0,103237.0,100187.0,100461.0,10721300,0,0
2020-08-14,100469.0,101717.0,100445.0,101353.0,8576300,0,0
2020-08-17,101348.0,101689.0,98513.0,99595.0,10816200,0,0
2020-08-18,99597.0,102247.0,99597.0,102065.0,9418700,0,0
2020-08-19,102072.0,102334.0,100800.0,100854.0,10025800,0,0
2020-08-20,100853.0,101749.0,99131.0,101468.0,9405000,0,0
2020-08-21,101460.0,101566.0,100412.0,101521.0,9100200,0,0
2020-08-24,101525.0,102515.0,101525.0,102298.0,7723000,0,0
2020-08-25,102293.0,102708.0,101623.0,102118.0,8170900,0,0
2020-08-26,102119.0,102521.0,99359.0,100627.0,9861200,0,0
2020-08-27,100625.0,101548.0,99857.0,100624.0,7360600,0,0
2020-08-28,100631.0,102347.0,100631.0,102143.0,7665700,0,0
2020-08-31,102142.0,102142.0,99369.0,99369.0,12226100,0,0
2020-09-01,99382.0,102238.0,99382.0,102168.0,9384700,0,0
2020-09-02,102168.0,102824.0,100872.0,101911.0,7557900,0,0
2020-09-03,101911.0,103226.0,99751.0,100721.0,12611000,0,0
2020-09-04,100733.0,101582.0,98961.0,101242.0,11327400,0,0
2020-09-08,101239.0,101239.0,99373.0,100050.0,8479000,0,0
2020-09-09,100050.0,101578.0,100050.0,101292.0,7955600,0,0
2020-09-10,101291.0,101536.0,98687.0,98835.0,8894600,0,0
2020-09-11,98839.0,99435.0,97758.0,98363.0,9107900,0,0
2020-09-14,98367.0,100520.0,98367.0,100275.0,8182100,0,0
2020-09-15,100277.0,100949.0,99647.0,100298.0,9216700,0,0
2020-09-16,100299.0,100663.0,99663.0,99676.0,7139400,0,0
2020-09-17,99674.0,100251.0,98562.0,100098.0,0,0,0
2020-09-18,100098.0,100102.0,98045.0,98290.0,11370300,0,0
2020-09-21,98283.0,98283.0,95820.0,96991.0,9738000,0,0
2020-09-22,96995.0,97684.0,96390.0,97294.0,7281300,0,0
2020-09-23,97294.0,97389.0,95728.0,95735.0,8830700,0,0
2020-09-24,95735.0,97955.0,95653.0,97012.0,9331000,0,0
2020-09-25,97011.0,97012.0,95632.0,96999.0,7351100,0,0
2020-09-28,97005.0,98314.0,94371.0,94666.0,10508900,0,0
2020-09-29,94665.0,95505.0,93408.0,93580.0,8737200,0,0
2020-09-30,93586.0,95340.0,93584.0,94603.0,9454300,0,0
2020-10-01,94604.0,95486.0,93599.0,95479.0,9243500,0,0
2020-10-02,95475.0,95996.0,93897.0,94016.0,8584900,0,0
2020-10-05,94019.0,96414.0,93984.0,96089.0,8616000,0,0
2020-10-06,96091.0,97405.0,95211.0,95615.0,11299600,0,0
2020-10-07,95616.0,96380.0,94881.0,95526.0,9829900,0,0
2020-10-08,95530.0,97938.0,95530.0,97920.0,11163600,0,0
2020-10-09,97924.0,98642.0,97161.0,97483.0,10810500,0,0
2020-10-13,97483.0,98998.0,97336.0,98503.0,7867500,0,0
2020-10-14,98502.0,99571.0,98501.0,99334.0,8891000,0,0
2020-10-15,99328.0,99486.0,97778.0,99054.0,8335200,0,0
2020-10-16,99054.0,99172.0,98309.0,98309.0,7840200,0,0
2020-10-19,98310.0,99917.0,98310.0,98658.0,9929400,0,0
2020-10-20,98664.0,100722.0,98664.0,100540.0,8796000,0,0
2020-10-21,100541.0,101586.0,100149.0,100552.0,8661100,0,0
2020-10-22,100553.0,102020.0,100457.0,101918.0,9556900,0,0
2020-10-23,101918.0,102218.0,101188.0,101260.0,7561100,0,0
2020-10-26,101260.0,101784.0,99762.0,101017.0,8070400,0,0
2020-10-27,101017.0,101660.0,99414.0,99606.0,8672300,0,0
2020-10-28,99598.0,99598.0,95369.0,95369.0,11051600,0,0
2020-10-29,95368.0,96688.0,93387.0,96582.0,12704400,0,0
2020-10-30,96579.0,96579.0,93559.0,93952.0,10643200,0,0
2020-11-03,93968.0,96250.0,93968.0,95587.0,10191800,0,0
2020-11-04,95992.0,98296.0,95987.0,97811.0,10704600,0,0
2020-11-05,97873.0,100922.0,97872.0,100774.0,10455300,0,0
2020-11-06,100751.0,100928.0,99837.0,100799.0,8382800,0,0
2020-11-09,100954.0,105147.0,100954.0,103913.0,17410500,0,0
2020-11-10,103516.0,105758.0,103453.0,105351.0,16665200,0,0
2020-11-11,105067.0,105462.0,104143.0,104532.0,10841000,0,0
2020-11-12,104810.0,105019.0,102034.0,102175.0,10860300,0,0
2020-11-13,102509.0,104707.0,102509.0,104512.0,9772100,0,0
2020-11-16,104729.0,106518.0,104729.0,106430.0,11724300,0,0
2020-11-17,106430.0,107810.0,105847.0,107229.0,10311000,0,0
2020-11-18,107246.0,107467.0,106217.0,106483.0,10337300,0,0
2020-11-19,106117.0,106973.0,105545.0,106517.0,8555700,0,0
2020-11-23,106050.0,107495.0,106050.0,107379.0,9686000,0,0
2020-11-24,107378.0,109956.0,107361.0,109786.0,11934800,0,0
2020-11-25,109786.0,110596.0,109315.0,110133.0,8564700,0,0
2020-11-26,110133.0,110245.0,109418.0,110227.0,6166800,0,0
2020-11-27,110229.0,111603.0,110161.0,110575.0,8790300,0,0
2020-11-30,110598.0,110934.0,108829.0,108888.0,19300000,0,0
2020-12-01,108897.0,111840.0,108897.0,111335.0,11324800,0,0
2020-12-02,111402.0,112315.0,110579.0,111814.0,9814300,0,0
2020-12-03,111874.0,113377.0,111874.0,112919.0,11474200,0,0
2020-12-04,112294.0,113864.0,112294.0,113682.0,8892900,0,0
2020-12-07,113751.0,114531.0,112629.0,113625.0,9633900,0,0
2020-12-08,113590.0,114381.0,112820.0,113571.0,8810900,0,0
2020-12-09,113799.0,114020.0,112567.0,112722.0,8431100,0,0
2020-12-10,113002.0,115262.0,112732.0,114992.0,11803600,0,0
2020-12-11,115128.0,115527.0,113949.0,115323.0,8372300,0,0
2020-12-14,115137.0,115740.0,114431.0,114975.0,8190900,0,0
2020-12-15,114613.0,116390.0,114613.0,116146.0,8195100,0,0
2020-12-16,116149.0,118178.0,115496.0,117947.0,9808100,0,0
2020-12-17,117864.0,119027.0,117856.0,118157.0,7701400,0,0
2020-12-18,118395.0,119370.0,117639.0,117679.0,8636000,0,0
2020-12-21,118021.0,118021.0,114730.0,116016.0,10347100,0,0
2020-12-22,115825.0,116903.0,115648.0,116348.0,6947900,0,0
2020-12-23,116636.0,118311.0,116636.0,117857.0,6483300,0,0
2020-12-28,117806.0,119213.0,117805.0,119051.0,7171700,0,0
2020-12-29,119130.0,119861.0,118750.0,119475.0,6769700,0,0
2020-12-30,119410.0,120150.0,118919.0,119306.0,8235700,0,0
2021-01-04,119024.0,120354.0,118062.0,118558.0,8741400,0,0
2021-01-05,118835.0,119790.0,116756.0,119223.0,9257100,0,0
2021-01-06,119377.0,120924.0,118917.0,119851.0,11638200,0,0
2021-01-07,119103.0,121983.0,119101.0,121956.0,11774800,0,0
2021-01-08,122387.0,125324.0,122386.0,125077.0,11085800,0,0
2021-01-11,125075.0,125075.0,122506.0,122807.0,9537600,0,0
2021-01-12,123255.0,124584.0,123227.0,123998.0,8949000,0,0
2021-01-13,123996.0,124032.0,121016.0,122040.0,10291500,0,0
2021-01-14,121947.0,123896.0,121947.0,123481.0,8974400,0,0
2021-01-15,123472.0,123472.0,120374.0,120502.0,9387600,0,0
2021-01-18,120351.0,122586.0,120351.0,121242.0,7223100,0,0
2021-01-19,121250.0,122120.0,119257.0,120673.0,7886000,0,0
2021-01-20,120645.0,121449.0,118740.0,119708.0,7947300,0,0
2021-01-21,119628.0,120243.0,117785.0,118443.0,8573900,0,0
2021-01-22,118318.0,118318.0,116109.0,117172.0,9373100,0,0
2021-01-26,117381.0,119167.0,116109.0,116464.0,10681400,0,0
2021-01-27,116463.0,117840.0,114887.0,115882.0,12380400,0,0
2021-01-28,115882.0,119314.0,115734.0,119314.0,12065900,0,0
2021-01-29,118880.0,118880.0,115299.0,116007.0,10965200,0,0
2021-02-01,115093.0,117862.0,115093.0,117365.0,8716500,0,0
2021-02-02,117520.0,119805.0,117519.0,118234.0,11625900,0,0
2021-02-03,118235.0,120210.0,118234.0,119725.0,8704300,0,0
2021-02-04,119728.0,120560.0,118918.0,119261.0,8100700,0,0
2021-02-05,119261.0,121117.0,119261.0,119925.0,8208400,0,0
2021-02-08,120239.0,120844.0,119140.0,119516.0,8619100,0,0
2021-02-09,119696.0,119975.0,118246.0,119429.0,7913500,0,0
2021-02-10,119472.0,119738.0,117970.0,118430.0,8644600,0,0
2021-02-11,118440.0,120283.0,118440.0,119235.0,7567400,0,0
2021-02-12,119300.0,119763.0,118163.0,119116.0,7655900,0,0
2021-02-17,119421.0,120573.0,118880.0,120391.0,8326100,0,0
2021-02-18,120361.0,120845.0,118515.0,119140.0,10720600,0,0
2021-02-19,119199.0,119250.0,117867.0,118748.0,10402800,0,0
2021-02-22,118388.0,118388.0,111650.0,112668.0,21768700,0,0
2021-02-23,112676.0,115380.0,112667.0,115227.0,15174900,0,0
2021-02-24,115229.0,116208.0,114668.0,115668.0,11399300,0,0
2021-02-25,115668.0,116506.0,111764.0,112256.0,12466500,0,0
2021-02-26,112260.0,113466.0,109827.0,110035.0,14618500,0,0
2021-03-01,110036.0,112445.0,110036.0,110335.0,11239900,0,0
2021-03-02,110328.0,112428.0,107319.0,111540.0,14823200,0,0
2021-03-03,111529.0,112398.0,107466.0,111184.0,15144300,0,0
2021-03-04,111191.0,114433.0,111163.0,112690.0,14221600,0,0
2021-03-05,112690.0,115504.0,112504.0,115202.0,13254800,0,0
2021-03-08,115202.0,115202.0,110268.0,110612.0,0,0,0
2021-03-09,110611.0,112525.0,109343.0,111331.0,12135300,0,0
2021-03-10,111331.0,112928.0,109999.0,112776.0,12511800,0,0
2021-03-11,112782.0,115127.0,112776.0,114984.0,12092100,0,0
2021-03-12,114984.0,114984.0,113253.0,114160.0,8110700,0,0
2021-03-15,114093.0,114903.0,113635.0,114851.0,8224700,0,0
2021-03-16,114845.0,114974.0,113370.0,114019.0,78000,0,0
2021-03-17,114018.0,116736.0,113428.0,116549.0,94300,0,0
2021-03-18,116549.0,116751.0,114302.0,114835.0,9920100,0,0
2021-03-19,114837.0,116446.0,114610.0,116222.0,12341800,0,0
2021-03-22,116222.0,116225.0,113620.0,114979.0,8160600,0,0
2021-03-23,114977.0,115599.0,113062.0,113262.0,8301500,0,0
2021-03-24,113272.0,114823.0,112064.0,112064.0,9834000,0,0
2021-03-25,112065.0,114024.0,110927.0,113750.0,10306500,0,0
2021-03-26,113750.0,115416.0,113305.0,114781.0,8659500,0,0
2021-03-29,114776.0,115553.0,114096.0,115419.0,7463300,0,0
2021-03-30,115414.0,117090.0,114999.0,116850.0,8141600,0,0
2021-03-31,116850.0,117249.0,115932.0,116634.0,10659200,0,0
2021-04-01,116644.0,117088.0,114991.0,115253.0,8009200,0,0
2021-04-05,115262.0,117668.0,115262.0,117518.0,7245100,0,0
2021-04-06,117519.0,118213.0,117176.0,117499.0,6800800,0,0
2021-04-07,117499.0,118303.0,116748.0,117624.0,0,0,0
2021-04-08,117624.0,118850.0,117486.0,118313.0,8778200,0,0
2021-04-09,118313.0,118643.0,117336.0,117670.0,7739400,0,0
2021-04-12,117661.0,118812.0,117661.0,118812.0,7000500,0,0
2021-04-13,118809.0,119529.0,118041.0,119297.0,8977600,0,0
2021-04-14,119298.0,120871.0,119298.0,120295.0,10076600,0,0
2021-04-15,120290.0,121409.0,120084.0,120701.0,7948100,0,0
2021-04-16,120701.0,121333.0,120199.0,121114.0,7945600,0,0
2021-04-19,121116.0,121974.0,120682.0,120934.0,10028100,0,0
2021-04-20,120925.0,121354.0,119841.0,120062.0,7811500,0,0
2021-04-22,120064.0,120995.0,119203.0,119371.0,8598600,0,0
2021-04-23,119372.0,120815.0,119372.0,120530.0,7615500,0,0
2021-04-26,120534.0,121393.0,119860.0,120595.0,7095300,0,0
2021-04-27,120595.0,121012.0,119003.0,119388.0,8362300,0,0
2021-04-28,119392.0,121276.0,119392.0,121053.0,9081500,0,0
2021-04-29,121053.0,121498.0,119703.0,120066.0,8500200,0,0
2021-04-30,120064.0,120125.0,118894.0,118894.0,11093200,0,0
2021-05-03,118951.0,119904.0,118528.0,119209.0,8888300,0,0
2021-05-04,119209.0,119293.0,117631.0,117712.0,8765500,0,0
2021-05-05,117725.0,119734.0,117725.0,119564.0,9059100,0,0
2021-05-06,119577.0,119966.0,119071.0,119921.0,8779600,0,0
2021-05-07,119922.0,122038.0,119922.0,122038.0,8865100,0,0
2021-05-10,122038.0,122772.0,121795.0,121909.0,8219100,0,0
2021-05-11,121904.0,122964.0,120145.0,122964.0,7988600,0,0
2021-05-12,122964.0,122964.0,119458.0,119710.0,9405200,0,0
2021-05-13,119711.0,121426.0,119711.0,120706.0,9356200,0,0
2021-05-14,120719.0,122195.0,120719.0,121881.0,10136300,0,0
2021-05-17,121880.0,123074.0,121680.0,122938.0,7408100,0,0
2021-05-18,122937.0,123544.0,122550.0,122980.0,7840100,0,0
2021-05-19,122976.0,123013.0,121595.0,122636.0,8825300,0,0
2021-05-20,122636.0,122734.0,122136.0,122701.0,7906400,0,0
2021-05-21,122701.0,122799.0,121760.0,122592.0,9493600,0,0
2021-05-24,122592.0,124167.0,122526.0,124032.0,8186300,0,0
2021-05-25,124032.0,124696.0,122701.0,122988.0,8914500,0,0
2021-05-26,122988.0,124256.0,122988.0,123989.0,8258400,0,0
2021-05-27,123989.0,124537.0,123470.0,124367.0,0,0,0
2021-05-28,124367.0,125698.0,124284.0,125561.0,8838500,0,0
2021-05-31,125561.0,126216.0,125540.0,126216.0,5946500,0,0
2021-06-01,126218.0,128363.0,126218.0,128267.0,12496100,0,0
2021-06-02,128268.0,129601.0,128167.0,129601.0,12781100,0,0
2021-06-04,129600.0,130137.0,129148.0,130126.0,9814800,0,0
2021-06-07,130125.0,131190.0,129498.0,130776.0,9655400,0,0
2021-06-08,130776.0,130776.0,129230.0,129787.0,10346600,0,0
2021-06-09,129800.0,130882.0,129281.0,129907.0,9833700,0,0
2021-06-10,129911.0,130527.0,129526.0,130076.0,8537900,0,0
2021-06-11,130076.0,130294.0,128678.0,129441.0,7748200,0,0
2021-06-14,129441.0,131084.0,129441.0,130208.0,8155700,0,0
2021-06-15,130208.0,130436.0,129304.0,130091.0,7211500,0,0
2021-06-16,130091.0,130283.0,128345.0,129259.0,12879400,0,0
2021-06-17,129259.0,129919.0,127576.0,128057.0,9664700,0,0
2021-06-18,128050.0,128796.0,127595.0,128405.0,12432000,0,0
2021-06-21,128405.0,129412.0,128048.0,129265.0,7333600,0,0
2021-06-22,129242.0,129259.0,127803.0,128767.0,9328000,0,0
2021-06-23,128769.0,129901.0,128182.0,128428.0,7988900,0,0
2021-06-24,128433.0,129541.0,128428.0,129514.0,7237000,0,0
2021-06-25,129513.0,129748.0,126697.0,127256.0,9363800,0,0
2021-06-28,127255.0,128067.0,126629.0,127429.0,8155600,0,0
2021-06-29,127429.0,127507.0,126184.0,127327.0,7777900,0,0
2021-06-30,127323.0,127323.0,126199.0,126802.0,9098600,0,0
2021-07-01,126802.0,127204.0,124994.0,125666.0,9292000,0,0
2021-07-02,125667.0,127672.0,125667.0,127622.0,7434800,0,0
2021-07-05,127622.0,127633.0,126531.0,126920.0,5255600,0,0
2021-07-06,126919.0,126919.0,124866.0,125095.0,7651300,0,0
2021-07-07,125096.0,127249.0,125094.0,127019.0,8151400,0,0
2021-07-08,127013.0,127013.0,124310.0,125428.0,8881400,0,0
2021-07-12,125428.0,127782.0,125428.0,127594.0,7421600,0,0
2021-07-13,127594.0,128420.0,126441.0,128168.0,7152000,0,0
2021-07-14,128169.0,129620.0,128085.0,128407.0,0,0,0
2021-07-15,128407.0,128976.0,126922.0,127468.0,7418600,0,0
2021-07-16,127468.0,128010.0,125808.0,125960.0,7355800,0,0
2021-07-19,125958.0,125958.0,123317.0,124395.0,9210200,0,0
2021-07-20,124395.0,125631.0,123631.0,125401.0,7627500,0,0
2021-07-21,125404.0,126112.0,125247.0,125929.0,7148900,0,0
2021-07-22,125930.0,126428.0,125416.0,126147.0,6480400,0,0
2021-07-23,126140.0,126204.0,124422.0,125053.0,6051800,0,0
2021-07-26,125058.0,126214.0,125006.0,126004.0,6325500,0,0
2021-07-27,126004.0,126026.0,123670.0,124612.0,7313800,0,0
2021-07-28,124615.0,126712.0,124542.0,126286.0,9038200,0,0
2021-07-29,126285.0,126476.0,124917.0,125675.0,7488400,0,0
2021-07-30,125672.0,125673.0,121748.0,121801.0,9399200,0,0
2021-08-02,121803.0,124536.0,121797.0,122516.0,8565400,0,0
2021-08-03,122516.0,123765.0,120807.0,123577.0,9391300,0,0
2021-08-04,123577.0,123587.0,121072.0,121801.0,9164200,0,0
2021-08-05,121801.0,123541.0,121128.0,121633.0,10913000,0,0
2021-08-06,121633.0,123287.0,121568.0,122810.0,7499200,0,0
2021-08-09,122809.0,123597.0,122258.0,123019.0,7171500,0,0
2021-08-10,123021.0,123513.0,122061.0,122202.0,8297600,0,0
2021-08-11,122203.0,122756.0,120827.0,122056.0,8685200,0,0
2021-08-12,122056.0,122095.0,120534.0,120701.0,11066000,0,0
2021-08-13,120701.0,121275.0,120045.0,121194.0,10642200,0,0
2021-08-16,121191.0,121191.0,118684.0,119180.0,9741700,0,0
2021-08-17,119179.0,119179.0,116248.0,117904.0,11218200,0,0
2021-08-18,117904.0,118739.0,116489.0,116643.0,11745800,0,0
2021-08-19,116641.0,117453.0,114801.0,117165.0,10525900,0,0
2021-08-20,117163.0,118308.0,116040.0,118053.0,8929300,0,0
2021-08-23,118053.0,118445.0,117062.0,117472.0,7853000,0,0
2021-08-24,117474.0,120463.0,117474.0,120211.0,9181000,0,0
2021-08-25,120210.0,120818.0,119226.0,120818.0,7520100,0,0
2021-08-26,120817.0,120833.0,118719.0,118724.0,8426900,0,0
2021-08-27,118725.0,120678.0,118721.0,120678.0,7323600,0,0
2021-08-30,120677.0,120684.0,119354.0,119740.0,6391900,0,0
2021-08-31,119738.0,120157.0,117911.0,118781.0,11535600,0,0
2021-09-01,118793.0,119942.0,118067.0,119396.0,9523000,0,0
2021-09-02,119394.0,119397.0,116534.0,116677.0,9862800,0,0
2021-09-03,116679.0,117396.0,115583.0,116933.0,12517500,0,0
2021-09-06,116926.0,117981.0,116156.0,117869.0,5111300,0,0
2021-09-08,117866.0,117866.0,113172.0,113413.0,12254400,0,0
2021-09-09,113413.0,116354.0,112435.0,115361.0,13890600,0,0
2021-09-10,115370.0,116896.0,114286.0,114286.0,11155700,0,0
2021-09-13,114300.0,117046.0,114300.0,116404.0,9253400,0,0
2021-09-14,116405.0,117270.0,115809.0,116181.0,9034100,0,0
2021-09-15,116191.0,116312.0,114741.0,115063.0,9456800,0,0
2021-09-16,115062.0,115062.0,113395.0,113794.0,10685500,0,0
2021-09-17,113794.0,113794.0,111157.0,111439.0,14827600,0,0
2021-09-20,111435.0,111435.0,107520.0,108844.0,11500200,0,0
2021-09-21,108859.0,110923.0,108859.0,110250.0,11247700,0,0
2021-09-22,110252.0,113321.0,110251.0,112282.0,12158600,0,0
2021-09-23,112282.0,114330.0,112281.0,114064.0,11476300,0,0
2021-09-24,114062.0,114062.0,112505.0,113283.0,9121200,0,0
2021-09-27,113283.0,114432.0,112360.0,113583.0,10739700,0,0
2021-09-28,113584.0,113584.0,109981.0,110124.0,13190800,0,0
2021-09-29,110125.0,112028.0,110125.0,111107.0,11372600,0,0
2021-09-30,111117.0,112371.0,110743.0,110979.0,13160600,0,0
2021-10-01,110980.0,113020.0,110980.0,112900.0,10779100,0,0
2021-10-04,112900.0,112900.0,109979.0,110393.0,11814200,0,0
2021-10-05,110397.0,111691.0,110087.0,110458.0,10379000,0,0
2021-10-06,110454.0,110614.0,108180.0,110560.0,13279200,0,0
2021-10-07,110563.0,111522.0,110563.0,110585.0,10646000,0,0
2021-10-08,110586.0,114172.0,110586.0,112833.0,12871400,0,0
2021-10-11,112834.0,113982.0,112052.0,112180.0,10283700,0,0
2021-10-13,112180.0,114159.0,111807.0,113456.0,11732700,0,0
2021-10-14,113457.0,113881.0,112708.0,113185.0,8956200,0,0
2021-10-15,113189.0,114776.0,113049.0,114648.0,11174900,0,0
2021-10-18,114647.0,114927.0,112841.0,114428.0,11201300,0,0
2021-10-19,114422.0,114422.0,109947.0,110673.0,14129200,0,0
2021-10-20,110677.0,112023.0,110176.0,110786.0,11735800,0,0
2021-10-21,110767.0,110767.0,105714.0,107735.0,16507700,0,0
2021-10-22,107714.0,107749.0,102854.0,106296.0,21165700,0,0
2021-10-25,106298.0,109372.0,106296.0,108715.0,11512100,0,0
2021-10-26,108713.0,108713.0,106321.0,106420.0,10762200,0,0
2021-10-27,106433.0,108224.0,106045.0,106363.0,10831300,0,0
2021-10-28,106369.0,107210.0,105282.0,105705.0,11502900,0,0
2021-10-29,105707.0,105954.0,103430.0,103501.0,12595800,0,0
2021-11-01,103514.0,106136.0,103514.0,105551.0,10734800,0,0
2021-11-03,105547.0,106754.0,104205.0,105617.0,14696900,0,0
2021-11-04,105617.0,105627.0,102835.0,103412.0,12084000,0,0
2021-11-05,103412.0,105555.0,103412.0,104824.0,12595000,0,0
2021-11-08,104824.0,105679.0,104182.0,104781.0,9358000,0,0
2021-11-09,104783.0,106674.0,104783.0,105535.0,11021200,0,0
2021-11-10,105535.0,107407.0,105140.0,105968.0,12277400,0,0
2021-11-11,105988.0,108669.0,105988.0,107725.0,12661400,0,0
2021-11-12,107576.0,107915.0,105842.0,106312.0,13248100,0,0
2021-11-16,106336.0,106971.0,104113.0,104508.0,11579400,0,0
2021-11-17,104405.0,105535.0,102551.0,102945.0,12832200,0,0
2021-11-18,102948.0,103757.0,102014.0,102524.0,10905700,0,0
2021-11-19,102426.0,103975.0,102143.0,103035.0,11101500,0,0
2021-11-22,103036.0,104613.0,102122.0,102122.0,10410000,0,0
2021-11-23,102124.0,103692.0,101736.0,103663.0,13032400,0,0
2021-11-24,103652.0,105041.0,102464.0,104514.0,10466600,0,0
2021-11-25,104514.0,106400.0,104514.0,105811.0,7890400,0,0
2021-11-26,105810.0,105810.0,101495.0,102224.0,10969100,0,0
2021-11-29,102227.0,104149.0,102226.0,102814.0,10283300,0,0
2021-11-30,102814.0,103066.0,100075.0,101915.0,18195100,0,0
2021-12-01,101916.0,104087.0,100727.0,100775.0,13762900,0,0
2021-12-02,100785.0,104466.0,100785.0,104466.0,14846500,0,0
2021-12-03,104467.0,106814.0,104090.0,105070.0,14581500,0,0
2021-12-06,105070.0,107498.0,105070.0,106859.0,11127500,0,0
2021-12-07,106868.0,108655.0,106868.0,107558.0,11773100,0,0
2021-12-08,107558.0,108521.0,107309.0,108096.0,13166800,0,0
2021-12-09,106573.0,106754.0,105890.0,106291.0,11082900,0,0
2021-12-10,106296.0,108275.0,106296.0,107758.0,10466000,0,0
2021-12-13,107758.0,109493.0,107383.0,107383.0,12512300,0,0
2021-12-14,107387.0,109148.0,106445.0,106760.0,11604300,0,0
2021-12-15,106763.0,107603.0,105697.0,107370.0,12663100,0,0
2021-12-16,107433.0,109034.0,107433.0,108212.0,13754600,0,0
2021-12-17,108324.0,108324.0,106518.0,107201.0,14934300,0,0
2021-12-20,107171.0,107171.0,104358.0,105020.0,10570000,0,0
2021-12-21,105020.0,105906.0,105020.0,105500.0,9041600,0,0
2021-12-22,105499.0,105711.0,104386.0,105244.0,8052900,0,0
2021-12-23,105251.0,105453.0,104637.0,104891.0,7283600,0,0
2021-12-27,104892.0,105694.0,104798.0,105531.0,7594900,0,0
2021-12-28,105555.0,105652.0,104503.0,104864.0,7509000,0,0
2021-12-29,104863.0,105190.0,103851.0,104107.0,6590000,0,0
2021-12-30,104106.0,105269.0,104106.0,104822.0,11138100,0,0
2022-01-03,104823.0,106125.0,103413.0,103922.0,11128500,0,0
2022-01-04,103922.0,104276.0,103096.0,103514.0,11491600,0,0
2022-01-05,103514.0,103514.0,100850.0,101006.0,0,0,0
2022-01-06,101006.0,102235.0,101000.0,101561.0,11749200,0,0
2022-01-07,101561.0,102719.0,101104.0,102719.0,11733200,0,0
2022-01-10,102719.0,102719.0,101038.0,101945.0,10264700,0,0
2022-01-11,101946.0,103780.0,101918.0,103779.0,12421500,0,0
2022-01-12,103779.0,105869.0,103771.0,105686.0,13026500,0,0
2022-01-13,105686.0,106251.0,104974.0,105530.0,11712300,0,0
2022-01-14,105530.0,107062.0,105028.0,106928.0,11457100,0,0
2022-01-17,106927.0,106928.0,106097.0,106692.0,6924200,0,0
2022-01-18,106369.0,107013.0,105786.0,106522.0,11221900,0,0
2022-01-19,106670.0,108602.0,106669.0,108013.0,12595600,0,0
2022-01-20,108015.0,109873.0,108015.0,109102.0,13630500,0,0
2022-01-21,109097.0,109786.0,108368.0,108942.0,13408400,0,0
2022-01-24,108941.0,108948.0,106624.0,107752.0,12700800,0,0
2022-01-25,107935.0,110115.0,107185.0,109845.0,13713900,0,0
2022-01-26,110207.0,112695.0,110204.0,111573.0,15513800,0,0
2022-01-27,111303.0,113057.0,111303.0,112315.0,14812000,0,0
2022-01-28,112611.0,112969.0,111407.0,111478.0,13520100,0,0
2022-01-31,111910.0,112495.0,111195.0,112388.0,12190800,0,0
2022-02-01,112143.0,113302.0,112135.0,113147.0,11133300,0,0
2022-02-02,113228.0,113666.0,111645.0,112161.0,11751200,0,0
2022-02-03,111897.0,112502.0,111225.0,111696.0,11039700,0,0
2022-02-04,111696.0,112415.0,110321.0,112245.0,0,0,0
2022-02-07,112247.0,112517.0,111490.0,111996.0,10672800,0,0
2022-02-08,111995.0,112251.0,110943.0,112234.0,10157500,0,0
2022-02-09,112233.0,113163.0,111710.0,112461.0,13794500,0,0
2022-02-10,112462.0,113812.0,112163.0,113359.0,13267900,0,0
2022-02-11,113368.0,114899.0,113128.0,113572.0,18602800,0,0
2022-02-14,113643.0,114167.0,113358.0,113807.0,10757600,0,0
2022-02-15,113905.0,114819.0,113882.0,114660.0,11649600,0,0
2022-02-16,114830.0,115734.0,114816.0,115181.0,12052100,0,0
2022-02-17,115181.0,115214.0,113389.0,113528.0,10807500,0,0
2022-02-18,113534.0,114213.0,112701.0,112768.0,11300700,0,0
2022-02-21,112880.0,113405.0,111608.0,111725.0,7864900,0,0
2022-02-22,111727.0,113315.0,111727.0,112892.0,12707000,0,0
2022-02-23,112892.0,113721.0,111748.0,112008.0,12120600,0,0
2022-02-24,112001.0,112001.0,109125.0,111592.0,16794700,0,0
2022-02-25,111591.0,113142.0,110673.0,113142.0,17555700,0,0
2022-03-02,113143.0,115429.0,113143.0,115174.0,0,0,0
2022-03-03,115173.0,115948.0,115010.0,115166.0,12123000,0,0
2022-03-04,115166.0,115166.0,113389.0,114474.0,10715700,0,0
2022-03-07,114469.0,114529.0,111140.0,111593.0,14057700,0,0
2022-03-08,111594.0,112390.0,110969.0,111203.0,15698500,0,0
2022-03-09,111210.0,114051.0,111207.0,113900.0,14705400,0,0
2022-03-10,113900.0,113939.0,111889.0,113663.0,12984000,0,0
2022-03-11,113664.0,114627.0,111332.0,111713.0,12475800,0,0
2022-03-14,111716.0,112299.0,109717.0,109928.0,10480900,0,0
2022-03-15,109925.0,109925.0,107781.0,108959.0,13653800,0,0
2022-03-16,108958.0,111183.0,108958.0,111112.0,13205200,0,0
2022-03-17,111113.0,113088.0,111070.0,113076.0,14407500,0,0
2022-03-18,113076.0,115311.0,112475.0,115311.0,19552500,0,0
2022-03-21,115307.0,116360.0,115208.0,116155.0,10378700,0,0
2022-03-22,116157.0,117541.0,116157.0,117272.0,11382700,0,0
2022-03-23,117270.0,118270.0,117036.0,117457.0,11083700,0,0
2022-03-24,117460.0,119256.0,117151.0,119053.0,13474400,0,0
2022-03-25,119062.0,119729.0,118548.0,119081.0,13814500,0,0
2022-03-28,119082.0,119444.0,118061.0,118738.0,9167700,0,0
2022-03-29,118740.0,120900.0,118740.0,120014.0,12931900,0,0
2022-03-30,120013.0,120531.0,119775.0,120260.0,10893300,0,0
2022-03-31,120261.0,120880.0,119999.0,119999.0,11202100,0,0
2022-04-01,120001.0,121579.0,120001.0,121570.0,13780900,0,0
2022-04-04,121569.0,121570.0,120754.0,121280.0,8812500,0,0
2022-04-05,121279.0,121628.0,118794.0,118885.0,11788300,0,0
2022-04-06,118885.0,118885.0,116791.0,118228.0,13410800,0,0
2022-04-07,118226.0,119247.0,117509.0,118862.0,11520100,0,0
2022-04-08,118861.0,118868.0,117487.0,118322.0,11225800,0,0
2022-04-11,118320.0,118320.0,116953.0,116953.0,9558400,0,0
2022-04-12,116963.0,118615.0,116054.0,116147.0,11406800,0,0
2022-04-13,116150.0,117329.0,116150.0,116782.0,12070500,0,0
2022-04-14,116781.0,116781.0,115624.0,116182.0,10365400,0,0
2022-04-18,116182.0,116191.0,115177.0,115687.0,8404900,0,0
2022-04-19,115687.0,115687.0,114277.0,115057.0,0,0,0
2022-04-20,115057.0,115057.0,113945.0,114344.0,10747700,0,0
2022-04-22,114343.0,114343.0,110591.0,111078.0,10877300,0,0
2022-04-25,111077.0,111155.0,109222.0,110685.0,11098300,0,0
2022-04-26,110684.0,110685.0,107978.0,108213.0,11747500,0,0
2022-04-27,108214.0,110107.0,108214.0,109349.0,11515700,0,0
2022-04-28,109349.0,110702.0,108905.0,109919.0,11129900,0,0
2022-04-29,109922.0,111819.0,107876.0,107876.0,13662200,0,0
2022-05-02,107876.0,107884.0,105218.0,106639.0,11935100,0,0
2022-05-03,106640.0,107127.0,106033.0,106528.0,9935500,0,0
2022-05-04,106529.0,108382.0,104933.0,108344.0,14558600,0,0
2022-05-05,108337.0,108337.0,103923.0,105304.0,13826200,0,0
2022-05-06,105303.0,106268.0,103984.0,105135.0,14137700,0,0
2022-05-09,105109.0,105109.0,102768.0,103250.0,13196700,0,0
2022-05-10,103251.0,104286.0,102386.0,103110.0,13507400,0,0
2022-05-11,103110.0,105374.0,103008.0,104397.0,13425100,0,0
2022-05-12,104395.0,105708.0,103579.0,105688.0,13995600,0,0
2022-05-13,105691.0,107773.0,105691.0,106924.0,12369300,0,0
2022-05-16,108685.0,108685.0,108199.0,108233.0,10596900,0,0
2022-05-17,108246.0,109774.0,108245.0,108789.0,16503400,0,0
2022-05-18,107903.0,108096.0,106038.0,106247.0,14752800,0,0
2022-05-19,106249.0,107420.0,105760.0,107005.0,11426400,0,0
2022-05-20,108520.0,108795.0,107351.0,108488.0,12866400,0,0
2022-05-23,108500.0,110680.0,108500.0,110346.0,10682700,0,0
2022-05-24,110340.0,110635.0,108399.0,110581.0,11724400,0,0
2022-05-25,110085.0,111006.0,109699.0,110580.0,10737700,0,0
2022-05-26,110577.0,112102.0,110388.0,111890.0,13077400,0,0
2022-05-27,111890.0,112441.0,111558.0,111942.0,9979300,0,0
2022-05-30,111944.0,112690.0,110655.0,111032.0,7284500,0,0
2022-05-31,111036.0,111903.0,110685.0,111351.0,15809400,0,0
2022-06-01,111351.0,111931.0,110822.0,111360.0,9790200,0,0
2022-06-02,111363.0,112709.0,111218.0,112393.0,10051100,0,0
2022-06-03,112392.0,112392.0,110935.0,111102.0,8757500,0,0
2022-06-06,111102.0,111935.0,110015.0,110186.0,8212400,0,0
2022-06-07,110185.0,110435.0,109394.0,110070.0,9466200,0,0
2022-06-08,110067.0,110142.0,108045.0,108368.0,10379900,0,0
2022-06-09,108367.0,108510.0,107068.0,107094.0,11955500,0,0
2022-06-10,107091.0,107092.0,104648.0,105481.0,12840500,0,0
2022-06-13,105476.0,105478.0,101700.0,102598.0,13837900,0,0
2022-06-14,102598.0,103328.0,101325.0,102063.0,11563200,0,0
2022-06-15,102068.0,103952.0,102046.0,102807.0,16023500,0,0
2022-06-17,102800.0,102801.0,98402.0,99825.0,18927300,0,0
2022-06-20,99824.0,100481.0,98409.0,99853.0,10900800,0,0
2022-06-21,99854.0,101069.0,99167.0,99685.0,11072300,0,0
2022-06-22,99678.0,100374.0,98050.0,99522.0,11675100,0,0
2022-06-23,99523.0,100232.0,97775.0,98080.0,12397700,0,0
2022-06-24,98081.0,99313.0,98031.0,98672.0,10345200,0,0
2022-06-27,98673.0,101106.0,98672.0,100764.0,9895900,0,0
2022-06-28,100766.0,102237.0,99956.0,100591.0,10493900,0,0
2022-06-29,100592.0,101313.0,99218.0,99622.0,10448100,0,0
2022-06-30,99619.0,99619.0,97758.0,98542.0,14588800,0,0
2022-07-01,98542.0,99340.0,97231.0,98954.0,11609800,0,0
2022-07-04,98952.0,99353.0,98264.0,98609.0,6279300,0,0
2022-07-05,98608.0,98608.0,96499.0,98295.0,13358800,0,0
2022-07-06,98294.0,99141.0,97423.0,98719.0,13348200,0,0
2022-07-07,98722.0,101420.0,98722.0,100730.0,12696300,0,0
2022-07-08,100732.0,101577.0,99958.0,100289.0,9730400,0,0
2022-07-11,100282.0,100282.0,97854.0,98212.0,8893400,0,0
2022-07-12,98212.0,98737.0,97253.0,98271.0,12566300,0,0
2022-07-13,98258.0,98928.0,97403.0,97881.0,12208100,0,0
2022-07-14,97879.0,97879.0,95431.0,96121.0,12579000,0,0
2022-07-15,96119.0,96971.0,95267.0,96551.0,11347600,0,0
2022-07-18,96553.0,98291.0,96553.0,96916.0,10738200,0,0
2022-07-19,96920.0,98346.0,96917.0,98245.0,10295900,0,0
2022-07-20,98244.0,98366.0,97277.0,98287.0,12941700,0,0
2022-07-21,98286.0,99057.0,97088.0,99033.0,10060000,0,0
2022-07-22,99034.0,99724.0,98321.0,98925.0,10033500,0,0
2022-07-25,98926.0,100508.0,98925.0,100270.0,8621800,0,0
2022-07-26,100270.0,100753.0,99365.0,99772.0,9136600,0,0
2022-07-27,99773.0,101471.0,99772.0,101438.0,10263100,0,0
2022-07-28,101437.0,102686.0,101045.0,102597.0,11130000,0,0
2022-07-29,102597.0,103989.0,102514.0,103165.0,12934200,0,0
